{"lr": 1.9966629588431612e-05, "data_time": 0.00017211437225341796, "grad_norm": 16.607833576202392, "loss": 5.812714433670044, "time": 0.04116897583007813, "epoch": 1, "iter": 90, "memory": 4866, "step": 90}
{"multi-label/precision": 26.125961303710938, "multi-label/recall": 7.814931392669678, "multi-label/f1-score": 9.699538230895996, "multi-label/precision_micro": 92.18031311035156, "multi-label/recall_micro": 23.99712562561035, "multi-label/f1-score_micro": 38.08076095581055, "multi-label/mAP": 43.57362365722656, "data_time": 0.002990683356484214, "time": 0.022290591355208514, "step": 1}
{"lr": 2.3303670745272557e-05, "data_time": 0.0001858234405517578, "grad_norm": 6.220164108276367, "loss": 3.2475730895996096, "time": 0.03805124759674072, "epoch": 2, "iter": 180, "memory": 4866, "step": 180}
{"multi-label/precision": 56.671836853027344, "multi-label/recall": 17.443788528442383, "multi-label/f1-score": 22.14227867126465, "multi-label/precision_micro": 92.8370361328125, "multi-label/recall_micro": 35.54065704345703, "multi-label/f1-score_micro": 51.40284729003906, "multi-label/mAP": 63.29404067993164, "data_time": 0.0017230121985725734, "time": 0.020171258760535198, "step": 2}
{"lr": 2.664071190211351e-05, "data_time": 0.0002051115036010742, "grad_norm": 5.9307506561279295, "loss": 2.5843824625015257, "time": 0.0382695198059082, "epoch": 3, "iter": 270, "memory": 4866, "step": 270}
{"multi-label/precision": 74.78851318359375, "multi-label/recall": 34.97443771362305, "multi-label/f1-score": 44.418949127197266, "multi-label/precision_micro": 93.9499282836914, "multi-label/recall_micro": 48.53310775756836, "multi-label/f1-score_micro": 64.00315856933594, "multi-label/mAP": 70.11690521240234, "data_time": 0.0021966099739074707, "time": 0.020893952120905338, "step": 3}
{"lr": 2.99777530589545e-05, "data_time": 0.0001882314682006836, "grad_norm": 5.99504508972168, "loss": 2.2344878196716307, "time": 0.03808839321136474, "epoch": 4, "iter": 360, "memory": 4866, "step": 360}
{"multi-label/precision": 85.02098846435547, "multi-label/recall": 44.90563201904297, "multi-label/f1-score": 54.7442512512207, "multi-label/precision_micro": 92.0015640258789, "multi-label/recall_micro": 56.4722785949707, "multi-label/f1-score_micro": 69.98590087890625, "multi-label/mAP": 74.31963348388672, "data_time": 0.0018563788870106573, "time": 0.02167927182239035, "step": 4}
{"lr": 3.331479421579544e-05, "data_time": 0.00018315315246582032, "grad_norm": 6.18629674911499, "loss": 2.00696861743927, "time": 0.037995338439941406, "epoch": 5, "iter": 450, "memory": 4866, "step": 450}
{"multi-label/precision": 88.63835144042969, "multi-label/recall": 51.33806610107422, "multi-label/f1-score": 62.09953689575195, "multi-label/precision_micro": 91.72550964355469, "multi-label/recall_micro": 60.663394927978516, "multi-label/f1-score_micro": 73.0286865234375, "multi-label/mAP": 76.95062255859375, "data_time": 0.0016453421634176502, "time": 0.022131191647571068, "step": 5}
{"lr": 3.6651835372636413e-05, "data_time": 0.00018336772918701172, "grad_norm": 6.260226726531982, "loss": 1.7558827996253967, "time": 0.0382265567779541, "epoch": 6, "iter": 540, "memory": 4866, "step": 540}
{"multi-label/precision": 87.64936065673828, "multi-label/recall": 56.315711975097656, "multi-label/f1-score": 66.52352142333984, "multi-label/precision_micro": 90.97115325927734, "multi-label/recall_micro": 63.82468795776367, "multi-label/f1-score_micro": 75.01759338378906, "multi-label/mAP": 78.68982696533203, "data_time": 0.0016300807828488557, "time": 0.022257320258928383, "step": 6}
{"lr": 3.998887652947736e-05, "data_time": 0.00020153522491455077, "grad_norm": 7.018410491943359, "loss": 1.6846671104431152, "time": 0.038549375534057614, "epoch": 7, "iter": 630, "memory": 4866, "step": 630}
{"multi-label/precision": 87.98689270019531, "multi-label/recall": 58.69220733642578, "multi-label/f1-score": 68.524658203125, "multi-label/precision_micro": 90.83099365234375, "multi-label/recall_micro": 65.83642578125, "multi-label/f1-score_micro": 76.33990478515625, "multi-label/mAP": 79.95272827148438, "data_time": 0.0017238933107127314, "time": 0.022911745568980343, "step": 7}
{"lr": 4.33259176863183e-05, "data_time": 0.0001909494400024414, "grad_norm": 7.093534135818482, "loss": 1.5468514919281007, "time": 0.03832895755767822, "epoch": 8, "iter": 720, "memory": 4866, "step": 720}
{"multi-label/precision": 87.50699615478516, "multi-label/recall": 61.25379180908203, "multi-label/f1-score": 70.61319732666016, "multi-label/precision_micro": 90.55662536621094, "multi-label/recall_micro": 67.40509796142578, "multi-label/f1-score_micro": 77.28426361083984, "multi-label/mAP": 80.88308715820312, "data_time": 0.0018279293309087338, "time": 0.023072794727657154, "step": 8}
{"lr": 4.666295884315935e-05, "data_time": 0.00019593238830566405, "grad_norm": 7.31208987236023, "loss": 1.48367440700531, "time": 0.038405108451843264, "epoch": 9, "iter": 810, "memory": 4866, "step": 810}
{"multi-label/precision": 86.74321746826172, "multi-label/recall": 63.38420867919922, "multi-label/f1-score": 72.38185119628906, "multi-label/precision_micro": 89.19335174560547, "multi-label/recall_micro": 69.38091278076172, "multi-label/f1-score_micro": 78.0494384765625, "multi-label/mAP": 81.48320007324219, "data_time": 0.0016657865565756092, "time": 0.022505806839984398, "step": 9}
{"lr": 5.0000000000000375e-05, "data_time": 0.00018744468688964845, "grad_norm": 7.420019483566284, "loss": 1.3852764904499053, "time": 0.03832993507385254, "epoch": 10, "iter": 900, "memory": 4866, "step": 900}
{"multi-label/precision": 87.19432830810547, "multi-label/recall": 63.968040466308594, "multi-label/f1-score": 72.96611785888672, "multi-label/precision_micro": 90.37199401855469, "multi-label/recall_micro": 69.23721313476562, "multi-label/f1-score_micro": 78.40531158447266, "multi-label/mAP": 82.20844268798828, "data_time": 0.0020198329635288405, "time": 0.022773169952890148, "step": 10}
{"lr": 4.998663346504848e-05, "data_time": 0.000196075439453125, "grad_norm": 7.80485725402832, "loss": 1.3763575792312621, "time": 0.038434410095214845, "epoch": 11, "iter": 990, "memory": 4866, "step": 990}
{"multi-label/precision": 87.11724853515625, "multi-label/recall": 65.55571746826172, "multi-label/f1-score": 74.17433166503906, "multi-label/precision_micro": 90.03368377685547, "multi-label/recall_micro": 70.4227066040039, "multi-label/f1-score_micro": 79.02976989746094, "multi-label/mAP": 82.5504150390625, "data_time": 0.0021845776101817255, "time": 0.023097406262936798, "step": 11}
{"lr": 4.994594610088374e-05, "data_time": 0.00018270015716552733, "grad_norm": 7.8571202754974365, "loss": 1.1851982593536377, "time": 0.03845500946044922, "epoch": 12, "iter": 1080, "memory": 4866, "step": 1080}
{"multi-label/precision": 87.97032928466797, "multi-label/recall": 64.72309875488281, "multi-label/f1-score": 73.76826477050781, "multi-label/precision_micro": 90.48356628417969, "multi-label/recall_micro": 69.90779876708984, "multi-label/f1-score_micro": 78.87590789794922, "multi-label/mAP": 82.97999572753906, "data_time": 0.0016583981721297555, "time": 0.022060871124267578, "step": 12}
{"lr": 4.9877980710910366e-05, "data_time": 0.00019321441650390624, "grad_norm": 8.36406226158142, "loss": 1.2104411005973816, "time": 0.03858592510223389, "epoch": 13, "iter": 1170, "memory": 4866, "step": 1170}
{"multi-label/precision": 87.21366882324219, "multi-label/recall": 66.97077941894531, "multi-label/f1-score": 75.09880065917969, "multi-label/precision_micro": 89.67489624023438, "multi-label/recall_micro": 71.3447494506836, "multi-label/f1-score_micro": 79.46648406982422, "multi-label/mAP": 83.21868896484375, "data_time": 0.0020928616109101668, "time": 0.02031156291132388, "step": 13}
{"lr": 4.978281161428444e-05, "data_time": 0.00019712448120117186, "grad_norm": 8.06360182762146, "loss": 1.0649363577365876, "time": 0.03853139877319336, "epoch": 14, "iter": 1260, "memory": 4866,