{"lr": 0.03731163351416516, "data_time": 0.0042013883590698246, "loss": 4.593604612350464, "time": 0.012091612815856934, "epoch": 1, "iter": 100, "memory": 178, "step": 100}
{"lr": 0.04133011854530846, "data_time": 0.003217649459838867, "loss": 4.522588062286377, "time": 0.01134951114654541, "epoch": 1, "iter": 200, "memory": 178, "step": 200}
{"lr": 0.045348603576451825, "data_time": 0.004073333740234375, "loss": 4.500383615493774, "time": 0.012451505661010743, "epoch": 1, "iter": 300, "memory": 178, "step": 300}
{"accuracy/top1": 1.5007504224777222, "accuracy/top5": 7.553776741027832, "data_time": 0.07516276765012456, "time": 0.08235214855856524, "step": 1}
{"lr": 0.050653003817561035, "data_time": 0.004433083534240723, "loss": 4.59436068534851, "time": 0.012885260581970214, "epoch": 2, "iter": 432, "memory": 178, "step": 432}
{"lr": 0.054671488848704416, "data_time": 0.004464650154113769, "loss": 4.565273141860962, "time": 0.012261152267456055, "epoch": 2, "iter": 532, "memory": 178, "step": 532}
{"lr": 0.058689973879847666, "data_time": 0.0041022062301635746, "loss": 4.60116720199585, "time": 0.011664843559265137, "epoch": 2, "iter": 632, "memory": 178, "step": 632}
{"accuracy/top1": 1.000500202178955, "accuracy/top5": 5.002501010894775, "data_time": 0.009474206538427444, "time": 0.014636073793683733, "step": 2}
{"lr": 0.06399437412095683, "data_time": 0.004069471359252929, "loss": 4.610998964309692, "time": 0.011970067024230957, "epoch": 3, "iter": 764, "memory": 178, "step": 764}
{"lr": 0.06801285915210029, "data_time": 0.004238247871398926, "loss": 4.612254190444946, "time": 0.012190747261047363, "epoch": 3, "iter": 864, "memory": 178, "step": 864}
{"lr": 0.07203134418324363, "data_time": 0.00402381420135498, "loss": 4.606452751159668, "time": 0.012467241287231446, "epoch": 3, "iter": 964, "memory": 178, "step": 964}
{"accuracy/top1": 2.051025390625, "accuracy/top5": 8.329164505004883, "data_time": 0.009075562159220377, "time": 0.014130580992925735, "step": 3}
{"lr": 0.07733574442435306, "data_time": 0.004728865623474121, "loss": NaN, "time": 0.01254599094390869, "epoch": 4, "iter": 1096, "memory": 178, "step": 1096}
{"lr": 0.08135422945549647, "data_time": 0.0041823148727416996, "loss": NaN, "time": 0.012179684638977051, "epoch": 4, "iter": 1196, "memory": 178, "step": 1196}
{"lr": 0.08537271448663993, "data_time": 0.004926729202270508, "loss": NaN, "time": 0.013039636611938476, "epoch": 4, "iter": 1296, "memory": 178, "step": 1296}
{"accuracy/top1": 0.0, "accuracy/top5": 0.0, "data_time": 0.009360022488094512, "time": 0.014261741013753982, "step": 4}
{"lr": 0.09067711472774932, "data_time": 0.0038277149200439454, "loss": NaN, "time": 0.011365842819213868, "epoch": 5, "iter": 1428, "memory": 178, "step": 1428}
{"lr": 0.09469559975889279, "data_time": 0.004330658912658691, "loss": NaN, "time": 0.012348198890686035, "epoch": 5, "iter": 1528, "memory": 178, "step": 1528}
{"lr": 0.09871408479003632, "data_time": 0.003903841972351074, "loss": NaN, "time": 0.011704373359680175, "epoch": 5, "iter": 1628, "memory": 178, "step": 1628}
{"accuracy/top1": 0.0, "accuracy/top5": 0.0, "data_time": 0.009227204890478225, "time": 0.014178764252435593, "step": 5}
{"lr": 0.09999756900958984, "data_time": 0.0037105560302734377, "loss": NaN, "time": 0.011579275131225586, "epoch": 6, "iter": 1760, "memory": 178, "step": 1760}
{"lr": 0.09999017781048936, "data_time": 0.004145336151123047, "loss": NaN, "time": 0.012005496025085449, "epoch": 6, "iter": 1860, "memory": 178, "step": 1860}
{"lr": 0.099977826887974, "data_time": 0.0036838293075561524, "loss": NaN, "time": 0.011905574798583984, "epoch": 6, "iter": 1960, "memory": 178, "step": 1960}
{"accuracy/top1": 0.0, "accuracy/top5": 0.0, "data_time": 0.009338842970984322, "time": 0.014308056661060877, "step": 6}
{"lr": 0.09995393148490123, "data_time": 0.005468153953552246, "loss": NaN, "time": 0.01316375732421875, "epoch": 7, "iter": 2092, "memory": 178, "step": 2092}
{"lr": 0.09993007955686642, "data_time": 0.005299854278564453, "loss": NaN, "time": 0.012982630729675293, "epoch": 7, "iter": 2192, "memory": 178, "step": 2192}
{"lr": 0.09990127386800242, "data_time": 0.006926894187927246, "loss": NaN, "time": 0.014711666107177734, "epoch": 7, "iter": 2292, "memory": 178, "step": 2292}
{"accuracy/top1": 0.0, "accuracy/top5": 0.0, "data_time": 0.009073132560366676, "time": 0.014103120281582787, "step": 7}
{"lr": 0.09985567006955037, "data_time": 0.003726768493652344, "loss": NaN, "time": 0.011582732200622559, "epoch": 8, "iter": 2424, "memory": 178, "step": 2424}
{"lr": 0.09981538349431439, "data_time": 0.004493522644042969, "loss": NaN, "time": 0.012223458290100098, "epoch": 8, "iter": 2524, "memory": 178, "step": 2524}
{"lr": 0.09977015453769937, "data_time": 0.004846644401550293, "loss": NaN, "time": 0.012774181365966798, "epoch": 8, "iter": 2624, "memory": 178, "step": 2624}
{"accuracy/top1": 0.0, "accuracy/top5": 0.0, "data_time": 0.010252247254053751, "time": 0.015501222440174647, "step": 8}
{"lr": 0.09970289221095183, "data_time": 0.00566411018371582, "loss": NaN, "time": 0.013436055183410645, "epoch": 9, "iter": 2756, "memory": 178, "step": 2756}
{"lr": 0.0996462150412931, "data_time": 0.0037697792053222657, "loss": NaN, "time": 0.01180582046508789, "epoch": 9, "iter": 2856, "memory": 178, "step": 2856}
{"lr": 0.0995846122741273, "data_time": 0.0037407875061035156, "loss": NaN, "time": 0.011557841300964355, "epoch": 9, "iter": 2956, "memory": 178, "step": 2956}
{"accuracy/top1": 0.0, "accuracy/top5": 0.0, "data_time": 0.008768471933546521, "time": 0.013783681960332961, "step": 9}
{"lr": 0.09949576496945114, "data_time": 0.003738713264465332, "loss": NaN, "time": 0.011702537536621094, "epoch": 10, "iter": 3088, "memory": 178, "step": 3088}
{"lr": 0.09942275918102256, "data_time": 0.0028599977493286135, "loss": NaN, "time": 0.011794400215148926, "epoch": 10, "iter": 3188, "memory": 178, "step": 3188}
{"lr": 0.09934484996502731, "data_time": 0.003979921340942383, "loss": NaN, "time": 0.012088727951049805, "epoch": 10, "iter": 3288, "memory": 178, "step": 3288}
{"accuracy/top1": 0.0, "accuracy/top5": 0.0, "data_time": 0.008197712046759469, "time": 0.013139524630137853, "step": 10}
{"lr": 0.09923451483564584, "data_time": 0.002752995491027832, "loss": NaN, "time": 0.010565853118896485, "epoch": 11, "iter": 3420, "memory": 178, "step": 3420}
{"lr": 0.0991452602592053, "data_time": 0.002746868133544922, "loss": NaN, "time": 0.010848236083984376, "epoch": 11, "iter": 3520, "memory": 178, "step": 3520}
{"lr": 0.09905112978696448, "data_time": 0.002919721603393555, "loss": NaN, "time": 0.01110248565673828, "epoch": 11, "iter": 3620, "memory": 178, "step": 3620}
{"accuracy/top1": 0.0, "accuracy/top5": 0.0, "data_time": 0.008077739250092279, "time": 0.013018382447106498, "step": 11}
{"lr": 0.0989194274827216, "data_time": 0.0036295652389526367, "loss": NaN, "time": 0.011223626136779786, "epoch": 12, "iter": 3752, "memory": 178, "step": 3752}
{"lr": 0.09881402171683783, "data_time": 0.003225231170654297, "loss": NaN, "time": 0.011082339286804199, "epoch": 12, "iter": 3852, "memory": 178, "step": 3852}
{"lr": 0.09870377291864081, "data_time": 0.002531123161315918, "loss": NaN, "time": 0.01059579849243164, "epoch": 12, "iter": 3952, "memory": 178, "step": 3952}
{"accuracy/top1": 0.0, "accuracy/top5": 0.0, "data_time": 0.008078248727889288, "time": 0.013050444069362822, "step": 12}
{"lr": 0.09855084745407282, "data_time": 0.0037912845611572264, "loss": NaN, "time": 0.01151125431060791, "epoch": 13, "iter": 4084, "memory": 178, "step": 4084}
{"lr": 0.09842940575840346, "data_time": 0.0042686939239501955, "loss": NaN, "time": 0.01220874786376953, "epoch": 13, "iter": 4184, "memory": 178, "step": 4184}
{"lr": 0.09830315918969247, "data_time": 0.0034381389617919923, "loss": NaN, "time": 0.01108255386352539, "epoch": 13, "iter": 4284, "memory": 178, "step": 4284}
{"accuracy/top1": 0.0, "accuracy/top5": 0.0,