{"lr": 0.013333333333333332, "data_time": 0.00017125606536865233, "grad_norm": 7.499290513992309, "loss": 3.137189066410065, "time": 0.04115612506866455, "epoch": 1, "iter": 90, "memory": 4855, "step": 90}
{"multi-label/precision": 83.11654663085938, "multi-label/recall": 45.22758102416992, "multi-label/f1-score": 54.901824951171875, "multi-label/precision_micro": 83.24240112304688, "multi-label/recall_micro": 51.155548095703125, "multi-label/f1-score_micro": 63.368682861328125, "multi-label/mAP": 71.5866470336914, "data_time": 0.0027719827798696663, "time": 0.02125398929302509, "step": 1}
{"lr": 0.019999999999999997, "data_time": 0.00018475055694580078, "grad_norm": 5.989829063415527, "loss": 3.8097158908843993, "time": 0.03789787292480469, "epoch": 2, "iter": 180, "memory": 4855, "step": 180}
{"multi-label/precision": 83.71360778808594, "multi-label/recall": 36.9011116027832, "multi-label/f1-score": 44.363670349121094, "multi-label/precision_micro": 72.39714050292969, "multi-label/recall_micro": 48.46126174926758, "multi-label/f1-score_micro": 58.058963775634766, "multi-label/mAP": 66.61212158203125, "data_time": 0.0018339727235876996, "time": 0.021124863106271496, "step": 2}
{"lr": 0.026666666666666665, "data_time": 0.00019016265869140626, "grad_norm": 5.149013209342956, "loss": 3.260868048667908, "time": 0.03788104057312012, "epoch": 3, "iter": 270, "memory": 4855, "step": 270}
{"multi-label/precision": 76.74931335449219, "multi-label/recall": 35.55302810668945, "multi-label/f1-score": 43.79347229003906, "multi-label/precision_micro": 73.90596008300781, "multi-label/recall_micro": 43.47982406616211, "multi-label/f1-score_micro": 54.749698638916016, "multi-label/mAP": 61.44828796386719, "data_time": 0.001872967118802278, "time": 0.02091060514035432, "step": 3}
{"lr": 0.03333333333333333, "data_time": 0.00018835067749023438, "grad_norm": 4.804440212249756, "loss": 3.449133038520813, "time": 0.037963032722473145, "epoch": 4, "iter": 360, "memory": 4855, "step": 360}
{"multi-label/precision": 66.02056121826172, "multi-label/recall": 27.022777557373047, "multi-label/f1-score": 33.592315673828125, "multi-label/precision_micro": 67.4118423461914, "multi-label/recall_micro": 35.0257453918457, "multi-label/f1-score_micro": 46.09928894042969, "multi-label/mAP": 51.16328048706055, "data_time": 0.001653624617535135, "time": 0.020102513873058815, "step": 4}
{"lr": 0.04, "data_time": 0.00018134117126464844, "grad_norm": 4.2514721870422365, "loss": 3.822538232803345, "time": 0.038137388229370114, "epoch": 5, "iter": 450, "memory": 4855, "step": 450}
{"multi-label/precision": 78.41059875488281, "multi-label/recall": 19.691570281982422, "multi-label/f1-score": 25.836002349853516, "multi-label/precision_micro": 67.8944320678711, "multi-label/recall_micro": 28.03257179260254, "multi-label/f1-score_micro": 39.68132781982422, "multi-label/mAP": 45.36388397216797, "data_time": 0.002077403275862984, "time": 0.021052262057428776, "step": 5}
{"lr": 0.04, "data_time": 0.00017793178558349608, "grad_norm": 3.1366793394088743, "loss": 3.556082582473755, "time": 0.037934064865112305, "epoch": 6, "iter": 540, "memory": 4855, "step": 540}
{"multi-label/precision": 74.58806610107422, "multi-label/recall": 29.863122940063477, "multi-label/f1-score": 37.5545654296875, "multi-label/precision_micro": 74.76851654052734, "multi-label/recall_micro": 38.678001403808594, "multi-label/f1-score_micro": 50.9825553894043, "multi-label/mAP": 56.28041076660156, "data_time": 0.00213520682376364, "time": 0.022012311479319698, "step": 6}
{"lr": 0.04, "data_time": 0.00019042491912841798, "grad_norm": 3.453833270072937, "loss": 3.635391592979431, "time": 0.03828465938568115, "epoch": 7, "iter": 630, "memory": 4855, "step": 630}
{"multi-label/precision": 73.14411926269531, "multi-label/recall": 29.489221572875977, "multi-label/f1-score": 36.16495895385742, "multi-label/precision_micro": 73.23188781738281, "multi-label/recall_micro": 40.91725540161133, "multi-label/f1-score_micro": 52.50057601928711, "multi-label/mAP": 56.9964485168457, "data_time": 0.0020178841507953148, "time": 0.021998516891313637, "step": 7}
{"lr": 0.04, "data_time": 0.00018820762634277343, "grad_norm": 3.1126360177993773, "loss": 3.5881572008132934, "time": 0.037946653366088864, "epoch": 8, "iter": 720, "memory": 4855, "step": 720}
{"multi-label/precision": 77.44769287109375, "multi-label/recall": 36.886966705322266, "multi-label/f1-score": 45.86674880981445, "multi-label/precision_micro": 73.36471557617188, "multi-label/recall_micro": 35.45682907104492, "multi-label/f1-score_micro": 47.80818176269531, "multi-label/mAP": 61.49262237548828, "data_time": 0.0016803663709889288, "time": 0.021837361480878746, "step": 8}
{"lr": 0.04, "data_time": 0.00018858909606933594, "grad_norm": 3.449372124671936, "loss": 3.2869086265563965, "time": 0.03816916942596436, "epoch": 9, "iter": 810, "memory": 4855, "step": 810}
{"multi-label/precision": 78.61376953125, "multi-label/recall": 30.989276885986328, "multi-label/f1-score": 40.4895133972168, "multi-label/precision_micro": 79.37185668945312, "multi-label/recall_micro": 37.82780456542969, "multi-label/f1-score_micro": 51.23672103881836, "multi-label/mAP": 58.01786804199219, "data_time": 0.0021177659864011016, "time": 0.022654945435731308, "step": 9}
{"lr": 0.04, "data_time": 0.0001886129379272461, "grad_norm": 6.1536742687225345, "loss": 3.477730965614319, "time": 0.038228416442871095, "epoch": 10, "iter": 900, "memory": 4855, "step": 900}
{"multi-label/precision": 74.85936737060547, "multi-label/recall": 36.521053314208984, "multi-label/f1-score": 43.48068618774414, "multi-label/precision_micro": 71.75480651855469, "multi-label/recall_micro": 42.89306640625, "multi-label/f1-score_micro": 53.69107437133789, "multi-label/mAP": 57.19979476928711, "data_time": 0.0017415725666543713, "time": 0.022592710412066917, "step": 10}
{"lr": 0.04, "data_time": 0.00018978118896484375, "grad_norm": 3.255759334564209, "loss": 3.6382742404937742, "time": 0.03827853202819824, "epoch": 11, "iter": 990, "memory": 4855, "step": 990}
{"multi-label/precision": 81.50640869140625, "multi-label/recall": 32.393733978271484, "multi-label/f1-score": 41.75666809082031, "multi-label/precision_micro": 75.64727020263672, "multi-label/recall_micro": 35.33708572387695, "multi-label/f1-score_micro": 48.17172622680664, "multi-label/mAP": 59.31731033325195, "data_time": 0.0016789643660835598, "time": 0.022552435812742813, "step": 11}
