{"lr": 0.03731163351416516, "data_time": 0.003584742546081543, "loss": 4.609481477737427, "time": 0.011365222930908202, "epoch": 1, "iter": 100, "memory": 178, "step": 100}
{"lr": 0.04133011854530846, "data_time": 0.0033089160919189454, "loss": 4.60844087600708, "time": 0.01142745018005371, "epoch": 1, "iter": 200, "memory": 178, "step": 200}
{"lr": 0.045348603576451825, "data_time": 0.0035829067230224608, "loss": 4.546826696395874, "time": 0.011370420455932617, "epoch": 1, "iter": 300, "memory": 178, "step": 300}
{"accuracy/top1": 1.0755378007888794, "accuracy/top5": 5.452726364135742, "data_time": 0.07457639357287013, "time": 0.08093914443147397, "step": 1}
{"lr": 0.050653003817561035, "data_time": 0.004552721977233887, "loss": 4.519737291336059, "time": 0.012052464485168456, "epoch": 2, "iter": 432, "memory": 178, "step": 432}
{"lr": 0.054671488848704416, "data_time": 0.005463027954101562, "loss": 4.630805587768554, "time": 0.013169050216674805, "epoch": 2, "iter": 532, "memory": 178, "step": 532}
{"lr": 0.058689973879847666, "data_time": 0.004491114616394043, "loss": 4.611361026763916, "time": 0.012740039825439453, "epoch": 2, "iter": 632, "memory": 178, "step": 632}
{"accuracy/top1": 1.375687837600708, "accuracy/top5": 7.578789234161377, "data_time": 0.009044204439435686, "time": 0.014069476297923498, "step": 2}
{"lr": 0.06399437412095683, "data_time": 0.0037819623947143556, "loss": 4.617264270782471, "time": 0.011481714248657227, "epoch": 3, "iter": 764, "memory": 178, "step": 764}
{"lr": 0.06801285915210029, "data_time": 0.004139351844787598, "loss": 4.6020668029785154, "time": 0.012053179740905761, "epoch": 3, "iter": 864, "memory": 178, "step": 864}
{"lr": 0.07203134418324363, "data_time": 0.004569625854492188, "loss": 4.6331054210662845, "time": 0.012530708312988281, "epoch": 3, "iter": 964, "memory": 178, "step": 964}
{"accuracy/top1": 1.0505253076553345, "accuracy/top5": 5.427713871002197, "data_time": 0.009243106558209374, "time": 0.014754864431562879, "step": 3}
{"lr": 0.07733574442435306, "data_time": 0.004571700096130371, "loss": 4.6033287525177, "time": 0.012465524673461913, "epoch": 4, "iter": 1096, "memory": 178, "step": 1096}
{"lr": 0.08135422945549647, "data_time": 0.0033258914947509764, "loss": 4.623349332809449, "time": 0.011280655860900879, "epoch": 4, "iter": 1196, "memory": 178, "step": 1196}
{"lr": 0.08537271448663993, "data_time": 0.004313945770263672, "loss": 4.613476753234863, "time": 0.012335419654846191, "epoch": 4, "iter": 1296, "memory": 178, "step": 1296}
{"accuracy/top1": 1.000500202178955, "accuracy/top5": 5.402701377868652, "data_time": 0.010460548457645234, "time": 0.016095399856567383, "step": 4}
