{"lr": 9.999999999999999e-05, "data_time": 0.0001706361770629883, "grad_norm": 5.447449207305908, "loss": 3.0241153240203857, "time": 0.04168069362640381, "epoch": 1, "iter": 90, "memory": 4866, "step": 90}
{"multi-label/precision": 77.47215270996094, "multi-label/recall": 37.12093734741211, "multi-label/f1-score": 47.294315338134766, "multi-label/precision_micro": 92.10939025878906, "multi-label/recall_micro": 49.20368957519531, "multi-label/f1-score_micro": 64.14299774169922, "multi-label/mAP": 69.67665100097656, "data_time": 0.002588112275679033, "time": 0.021103012692797313, "step": 1}
{"lr": 0.00015, "data_time": 0.0002613067626953125, "grad_norm": 5.9339066505432125, "loss": 3.0324463844299316, "time": 0.03910679817199707, "epoch": 2, "iter": 180, "memory": 4866, "step": 180}
{"multi-label/precision": 89.14270782470703, "multi-label/recall": 53.71649932861328, "multi-label/f1-score": 64.66270446777344, "multi-label/precision_micro": 92.64678192138672, "multi-label/recall_micro": 59.14262008666992, "multi-label/f1-score_micro": 72.19705200195312, "multi-label/mAP": 77.66658782958984, "data_time": 0.0016301818515943444, "time": 0.019754622293555218, "step": 2}
{"lr": 0.0002, "data_time": 0.00018417835235595703, "grad_norm": 6.160234832763672, "loss": 2.662626016139984, "time": 0.03853044509887695, "epoch": 3, "iter": 270, "memory": 4866, "step": 270}
{"multi-label/precision": 87.29151916503906, "multi-label/recall": 57.76396560668945, "multi-label/f1-score": 67.77168273925781, "multi-label/precision_micro": 89.82498168945312, "multi-label/recall_micro": 62.687103271484375, "multi-label/f1-score_micro": 73.84159088134766, "multi-label/mAP": 80.31631469726562, "data_time": 0.0016197251236957052, "time": 0.019942532414975372, "step": 3}
{"lr": 0.00025, "data_time": 0.00018379688262939453, "grad_norm": 6.353789663314819, "loss": 3.3322279930114744, "time": 0.038355469703674316, "epoch": 4, "iter": 360, "memory": 4866, "step": 360}
{"multi-label/precision": 88.12269592285156, "multi-label/recall": 60.414512634277344, "multi-label/f1-score": 70.59544372558594, "multi-label/precision_micro": 90.30681610107422, "multi-label/recall_micro": 64.14801025390625, "multi-label/f1-score_micro": 75.01225280761719, "multi-label/mAP": 80.92361450195312, "data_time": 0.0016657995141070821, "time": 0.02154426730197409, "step": 4}
{"lr": 0.0003, "data_time": 0.00017685890197753905, "grad_norm": 6.267807579040527, "loss": 2.9264492988586426, "time": 0.03832314014434814, "epoch": 5, "iter": 450, "memory": 4866, "step": 450}
{"multi-label/precision": 85.555419921875, "multi-label/recall": 62.34716033935547, "multi-label/f1-score": 70.66791534423828, "multi-label/precision_micro": 87.46807098388672, "multi-label/recall_micro": 65.6089096069336, "multi-label/f1-score_micro": 74.9777603149414, "multi-label/mAP": 80.29753875732422, "data_time": 0.001741798027702, "time": 0.021836895009745724, "step": 5}
{"lr": 0.0003, "data_time": 0.00018639564514160155, "grad_norm": 6.497309684753418, "loss": 2.721509611606598, "time": 0.038701415061950684, "epoch": 6, "iter": 540, "memory": 4866, "step": 540}
{"multi-label/precision": 85.1114730834961, "multi-label/recall": 64.60043334960938, "multi-label/f1-score": 72.91427612304688, "multi-label/precision_micro": 86.95390319824219, "multi-label/recall_micro": 69.11746978759766, "multi-label/f1-score_micro": 77.01647186279297, "multi-label/mAP": 81.50657653808594, "data_time": 0.0017663680988809338, "time": 0.02212714371473893, "step": 6}
{"lr": 0.0002999179886011389, "data_time": 0.00018496513366699218, "grad_norm": 6.381446743011475, "loss": 2.559563136100769, "time": 0.038706183433532715, "epoch": 7, "iter": 630, "memory": 4866, "step": 630}
{"multi-label/precision": 86.63141632080078, "multi-label/recall": 63.161773681640625, "multi-label/f1-score": 71.85081481933594, "multi-label/precision_micro": 89.09120178222656, "multi-label/recall_micro": 66.79439544677734, "multi-label/f1-score_micro": 76.34821319580078, "multi-label/mAP": 81.12142944335938, "data_time": 0.0016107300053472104, "time": 0.021238858285157577, "step": 7}
{"lr": 0.0002996720440828162, "data_time": 0.00018007755279541015, "grad_norm": 5.947106742858887, "loss": 2.0310197949409483, "time": 0.038766121864318846, "epoch": 8, "iter": 720, "memory": 4866, "step": 720}
{"multi-label/precision": 88.64582061767578, "multi-label/recall": 62.10113525390625, "multi-label/f1-score": 72.09211730957031, "multi-label/precision_micro": 91.0151138305664, "multi-label/recall_micro": 66.35133361816406, "multi-label/f1-score_micro": 76.7504653930664, "multi-label/mAP": 81.80030822753906, "data_time": 0.0016983021860537322, "time": 0.019993154898933743, "step": 8}
{"lr": 0.0002992624353817517, "data_time": 0.00018436908721923827, "grad_norm": 5.688742542266846, "loss": 1.9831331849098206, "time": 0.038887643814086915, "epoch": 9, "iter": 810, "memory": 4866, "step": 810}
{"multi-label/precision": 89.56288146972656, "multi-label/recall": 60.47754669189453, "multi-label/f1-score": 71.09666442871094, "multi-label/precision_micro": 91.51966857910156, "multi-label/recall_micro": 64.61502075195312, "multi-label/f1-score_micro": 75.74928283691406, "multi-label/mAP": 81.80720520019531, "data_time": 0.001556557157765264, "time": 0.0199715546939684, "step": 9}
{"lr": 0.0002986896103990463, "data_time": 0.00017936229705810546, "grad_norm": 6.423251390457153, "loss": 2.4266355514526365, "time": 0.03882625102996826, "epoch": 10, "iter": 900, "memory": 4866, "step": 900}
{"multi-label/precision": 87.2515869140625, "multi-label/recall": 59.628013610839844, "multi-label/f1-score": 69.73515319824219, "multi-label/precision_micro": 89.35108184814453, "multi-label/recall_micro": 64.30368041992188, "multi-label/f1-score_micro": 74.785888671875, "multi-label/mAP": 80.48217010498047, "data_time": 0.0018001561579496963, "time": 0.021121271278547203, "step": 10}
{"lr": 0.0002979541955104084, "data_time": 0.00019407272338867188, "grad_norm": 6.228769683837891, "loss": 2.7588087797164915, "time": 0.03905665874481201, "epoch": 11, "iter": 990, "memory": 4866, "step": 990}
{"multi-label/precision": 85.45598602294922, "multi-label/recall": 63.17639923095703, "multi-label/f1-score": 72.01213836669922, "multi-label/precision_micro": 87.58002471923828, "multi-label/recall_micro": 65.52508544921875, "multi-label/f1-score_micro": 74.96404266357422, "multi-label/mAP": 80.04261779785156, "data_time": 0.001782202202340831, "time": 0.02123453306115192, "step": 11}
{"lr": 0.00029705699488122143, "data_time": 0.00018465518951416016, "grad_norm": 6.32999620437622, "loss": 2.18038672208786, "time": 0.03890976905822754, "epoch": 12, "iter": 1080, "memory": 4866, "step": 1080}
{"multi-label/precision": 87.91075134277344, "multi-label/recall": 63.76750564575195, "multi-label/f1-score": 73.11508178710938, "multi-label/precision_micro": 90.5941390991211, "multi-label/recall_micro": 67.00994110107422, "multi-label/f1-score_micro": 77.03744506835938, "multi-label/mAP": 80.99125671386719, "data_time": 0.002260788627292799, "time": 0.022703448067540707, "step": 12}
{"lr": 0.00029599898958720093, "data_time": 0.00018746852874755858, "grad_norm": 6.785847949981689, "loss": 2.936038553714752, "time": 0.03900201320648193, "epoch": 13, "iter": 1170, "memory": 4866, "step": 1170}
{"multi-label/precision": 85.71680450439453, "multi-label/recall": 62.93767166137695, "multi-label/f1-score": 71.34941101074219, "multi-label/precision_micro": 87.89099884033203, "multi-label/recall_micro": 65.27362060546875, "multi-label/f1-score_micro": 74.91239166259766, "multi-label/mAP": 80.98804473876953, "data_time": 0.0016034297321153724, "time": 0.022237601487532906, "step": 13}
{"lr": 0.00029478133654160235, "data_time": 0.00018126964569091796, "grad_norm": 6.807899904251099, "loss": 2.2044769167900085, "time": 0.038903665542602536, "epoch": 14, "iter": 1260, "memory": 4866, "step": 1260}
{"multi-label/precision": 84.6434555053711,