{"lr": 1.0000000000000001e-07, "data_time": 0.00016896724700927735, "grad_norm": 45.806784057617186, "loss": 13.773873805999756, "time": 0.041793417930603025, "epoch": 1, "iter": 90, "memory": 4866, "step": 90}
{"multi-label/precision": 6.465887546539307, "multi-label/recall": 46.19876480102539, "multi-label/f1-score": 10.003457069396973, "multi-label/precision_micro": 7.817756175994873, "multi-label/recall_micro": 51.20344924926758, "multi-label/f1-score_micro": 13.564483642578125, "multi-label/mAP": 7.690617561340332, "data_time": 0.0031071233225392772, "time": 0.022737343232710282, "step": 1}
{"lr": 2.5075000000000003e-05, "data_time": 0.00018990039825439453, "grad_norm": 10.895396423339843, "loss": 4.7626808166503904, "time": 0.038590741157531736, "epoch": 2, "iter": 180, "memory": 4866, "step": 180}
{"multi-label/precision": 29.33823013305664, "multi-label/recall": 6.738093376159668, "multi-label/f1-score": 9.094022750854492, "multi-label/precision_micro": 96.49398040771484, "multi-label/recall_micro": 22.081188201904297, "multi-label/f1-score_micro": 35.93841552734375, "multi-label/mAP": 52.267372131347656, "data_time": 0.0016274763190228007, "time": 0.020107717617698338, "step": 2}
{"lr": 5.0050000000000004e-05, "data_time": 0.00017659664154052735, "grad_norm": 5.7866417407989506, "loss": 3.1382352113723755, "time": 0.03872601985931397, "epoch": 3, "iter": 270, "memory": 4866, "step": 270}
{"multi-label/precision": 71.99091339111328, "multi-label/recall": 38.550601959228516, "multi-label/f1-score": 46.946876525878906, "multi-label/precision_micro": 91.85282897949219, "multi-label/recall_micro": 50.22153091430664, "multi-label/f1-score_micro": 64.93768310546875, "multi-label/mAP": 70.82335662841797, "data_time": 0.0018242364344389541, "time": 0.020583443019701088, "step": 3}
{"lr": 7.502500000000001e-05, "data_time": 0.00018732547760009767, "grad_norm": 5.766855335235595, "loss": 2.870367741584778, "time": 0.03881728649139404, "epoch": 4, "iter": 360, "memory": 4866, "step": 360}
{"multi-label/precision": 89.42433166503906, "multi-label/recall": 50.62683868408203, "multi-label/f1-score": 60.79387283325195, "multi-label/precision_micro": 91.48382568359375, "multi-label/recall_micro": 58.915103912353516, "multi-label/f1-score_micro": 71.67311096191406, "multi-label/mAP": 76.9867172241211, "data_time": 0.0017037650813227115, "time": 0.021668110204779583, "step": 4}
{"lr": 0.00010000000000000002, "data_time": 0.0001875162124633789, "grad_norm": 6.167248201370239, "loss": 2.8465803384780886, "time": 0.0388472318649292, "epoch": 5, "iter": 450, "memory": 4866, "step": 450}
{"multi-label/precision": 86.06900024414062, "multi-label/recall": 59.473304748535156, "multi-label/f1-score": 69.37152862548828, "multi-label/precision_micro": 89.9915771484375, "multi-label/recall_micro": 63.9564094543457, "multi-label/f1-score_micro": 74.77250671386719, "multi-label/mAP": 79.18048095703125, "data_time": 0.0018001328343930452, "time": 0.021552573079648224, "step": 5}
{"lr": 0.00010000000000000002, "data_time": 0.00017771720886230468, "grad_norm": 5.749260425567627, "loss": 2.6934716939926147, "time": 0.03882293701171875, "epoch": 6, "iter": 540, "memory": 4866, "step": 540}
{"multi-label/precision": 88.32276916503906, "multi-label/recall": 60.633567810058594, "multi-label/f1-score": 70.91521453857422, "multi-label/precision_micro": 90.96817016601562, "multi-label/recall_micro": 65.36941528320312, "multi-label/f1-score_micro": 76.0730209350586, "multi-label/mAP": 81.13829803466797, "data_time": 0.0020234662553538446, "time": 0.021238806455031685, "step": 6}
{"lr": 9.997402972369401e-05, "data_time": 0.00018367767333984374, "grad_norm": 6.088716888427735, "loss": 2.7766290068626405, "time": 0.038819169998168944, "epoch": 7, "iter": 630, "memory": 4866, "step": 630}
{"multi-label/precision": 88.02653503417969, "multi-label/recall": 60.820640563964844, "multi-label/f1-score": 71.04985046386719, "multi-label/precision_micro": 89.5285415649414, "multi-label/recall_micro": 66.8542709350586, "multi-label/f1-score_micro": 76.547607421875, "multi-label/mAP": 81.51251220703125, "data_time": 0.001835607964059581, "time": 0.020309116529381794, "step": 7}
{"lr": 9.989614729289181e-05, "data_time": 0.00018305778503417968, "grad_norm": 6.351372623443604, "loss": 2.1823158740997313, "time": 0.03889861106872559, "epoch": 8, "iter": 720, "memory": 4866, "step": 720}
{"multi-label/precision": 87.91203308105469, "multi-label/recall": 62.99650192260742, "multi-label/f1-score": 72.44982147216797, "multi-label/precision_micro": 90.31379699707031, "multi-label/recall_micro": 67.54879760742188, "multi-label/f1-score_micro": 77.28985595703125, "multi-label/mAP": 82.16596984863281, "data_time": 0.002105072788570238, "time": 0.022179126739501953, "step": 8}
{"lr": 9.976643787088806e-05, "data_time": 0.0001939535140991211, "grad_norm": 6.414731121063232, "loss": 2.5284228682518006, "time": 0.03893501758575439, "epoch": 9, "iter": 810, "memory": 4866, "step": 810}
{"multi-label/precision": 88.38233947753906, "multi-label/recall": 64.18162536621094, "multi-label/f1-score": 73.52369689941406, "multi-label/precision_micro": 90.6007308959961, "multi-label/recall_micro": 68.44689178466797, "multi-label/f1-score_micro": 77.98090362548828, "multi-label/mAP": 82.71034240722656, "data_time": 0.001684092957040538, "time": 0.021919825802678646, "step": 9}
{"lr": 9.958504329303134e-05, "data_time": 0.0001857757568359375, "grad_norm": 7.023438453674316, "loss": 2.591215229034424, "time": 0.039055824279785156, "epoch": 10, "iter": 900, "memory": 4866, "step": 900}
{"multi-label/precision": 88.50092315673828, "multi-label/recall": 63.29365921020508, "multi-label/f1-score": 73.04207611083984, "multi-label/precision_micro": 91.2723159790039, "multi-label/recall_micro": 66.74649810791016, "multi-label/f1-score_micro": 77.1061019897461, "multi-label/mAP": 82.78802490234375, "data_time": 0.002066329769466234, "time": 0.021947770015053127, "step": 10}
{"lr": 9.935216191162933e-05, "data_time": 0.00018262863159179688, "grad_norm": 6.919799184799194, "loss": 3.069341278076172, "time": 0.038767313957214354, "epoch": 11, "iter": 990, "memory": 4866, "step": 990}
{"multi-label/precision": 89.76127624511719, "multi-label/recall": 63.08982467651367, "multi-label/f1-score": 73.34521484375, "multi-label/precision_micro": 92.02898406982422, "multi-label/recall_micro": 66.91413879394531, "multi-label/f1-score_micro": 77.48734283447266, "multi-label/mAP": 83.0771713256836, "data_time": 0.0020747936290243397, "time": 0.02186132773109104, "step": 11}
{"lr": 9.906804837905347e-05, "data_time": 0.00018045902252197265, "grad_norm": 6.516932582855224, "loss": 2.161881613731384, "time": 0.0390357255935669, "epoch": 12, "iter": 1080, "memory": 4866, "step": 1080}
{"multi-label/precision": 88.674072265625, "multi-label/recall": 64.24908447265625, "multi-label/f1-score": 73.7133560180664, "multi-label/precision_micro": 91.0428466796875, "multi-label/recall_micro": 67.42904663085938, "multi-label/f1-score_micro": 77.47660827636719, "multi-label/mAP": 83.19489288330078, "data_time": 0.0017093523688938308, "time": 0.021941988364509914, "step": 12}
{"lr": 9.87330133692803e-05, "data_time": 0.0001819610595703125, "grad_norm": 7.196250772476196, "loss": 2.5632591605186463, "time": 0.03901450634002686, "epoch": 13, "iter": 1170, "memory": 4866, "step": 1170}
{"multi-label/precision": 89.30127716064453, "multi-label/recall": 64.34098815917969, "multi-label/f1-score": 74.26630401611328, "multi-label/precision_micro": 91.39199829101562, "multi-label/recall_micro": 68.39899444580078, "multi-label/f1-score_micro": 78.24121856689453, "multi-label/mAP": 83.23027038574219, "data_time": 0.0018271104149196458, "time": 0.02187674201053122, "step": 13}
{"lr": 9.834742323817408e-05, "data_time": 0.00017638206481933593, "grad_norm": 6.662333297729492, "loss": 2.5358446836471558, "time": 0.039052271842956544, "epoch": 14, "iter": 1260, "memory": 4866,