{"lr": 0.00013946488294314382, "data_time": 0.00029408931732177734, "grad_norm": 4.746631789207458, "loss": 4.6414268016815186, "time": 0.47862777709960935, "epoch": 1, "iter": 60, "memory": 13180, "step": 60}
{"multi-label/precision": 1.6666667461395264, "multi-label/recall": 0.004777831025421619, "multi-label/f1-score": 0.009528346359729767, "multi-label/precision_micro": 33.333335876464844, "multi-label/recall_micro": 0.02394922822713852, "multi-label/f1-score_micro": 0.04786406829953194, "multi-label/mAP": 13.929102897644043, "data_time": 0.00426287338381908, "time": 0.18155706905927815, "step": 1}
{"lr": 0.00017959866220735804, "data_time": 0.0002892017364501953, "grad_norm": 4.5511198997497555, "loss": 4.396886491775513, "time": 0.5139045715332031, "epoch": 2, "iter": 120, "memory": 13180, "step": 120}
{"multi-label/precision": 7.519564628601074, "multi-label/recall": 2.7979073524475098, "multi-label/f1-score": 2.6962592601776123, "multi-label/precision_micro": 50.43440628051758, "multi-label/recall_micro": 13.90252685546875, "multi-label/f1-score_micro": 21.79667854309082, "multi-label/mAP": 16.043498992919922, "data_time": 0.003933264363196588, "time": 0.19042830313405684, "step": 2}
{"lr": 0.00021973244147157207, "data_time": 0.0003076791763305664, "grad_norm": 4.481240582466126, "loss": 4.43881516456604, "time": 0.5220820665359497, "epoch": 3, "iter": 180, "memory": 13180, "step": 180}
{"multi-label/precision": 8.5809965133667, "multi-label/recall": 3.5311360359191895, "multi-label/f1-score": 3.7530925273895264, "multi-label/precision_micro": 55.29212188720703, "multi-label/recall_micro": 15.638846397399902, "multi-label/f1-score_micro": 24.381593704223633, "multi-label/mAP": 16.99512481689453, "data_time": 0.00449623215583063, "time": 0.19314064133551814, "step": 3}
{"lr": 0.0002598662207357862, "data_time": 0.0003170013427734375, "grad_norm": 4.79551362991333, "loss": 4.377591228485107, "time": 0.520207405090332, "epoch": 4, "iter": 240, "memory": 13180, "step": 240}
{"multi-label/precision": 6.355771064758301, "multi-label/recall": 1.8691558837890625, "multi-label/f1-score": 2.5678300857543945, "multi-label/precision_micro": 63.482139587402344, "multi-label/recall_micro": 8.51395034790039, "multi-label/f1-score_micro": 15.014252662658691, "multi-label/mAP": 17.796245574951172, "data_time": 0.004102656918187295, "time": 0.19273696022648965, "step": 4}
{"lr": 0.00030000000000000035, "data_time": 0.00031147003173828127, "grad_norm": 4.326673316955566, "loss": 4.337750864028931, "time": 0.5194783449172974, "epoch": 5, "iter": 300, "memory": 13180, "step": 300}
{"multi-label/precision": 3.376033067703247, "multi-label/recall": 1.9517438411712646, "multi-label/f1-score": 2.473508834838867, "multi-label/precision_micro": 67.52066040039062, "multi-label/recall_micro": 9.783259391784668, "multi-label/f1-score_micro": 17.09026336669922, "multi-label/mAP": 19.703031539916992, "data_time": 0.004444153078140751, "time": 0.19140310441294023, "step": 5}
{"lr": 0.0002999206992945993, "data_time": 0.0003275156021118164, "grad_norm": 4.077677488327026, "loss": 4.241751623153687, "time": 0.5204833269119262, "epoch": 6, "iter": 360, "memory": 13180, "step": 360}
{"multi-label/precision": 6.727635383605957, "multi-label/recall": 1.5983307361602783, "multi-label/f1-score": 2.387775421142578, "multi-label/precision_micro": 70.1846923828125, "multi-label/recall_micro": 3.1852471828460693, "multi-label/f1-score_micro": 6.093928337097168, "multi-label/mAP": 19.554046630859375, "data_time": 0.004515901688606509, "time": 0.1928814495763471, "step": 6}
{"lr": 0.0002996774852886527, "data_time": 0.00031228065490722655, "grad_norm": 4.8648258447647095, "loss": 4.256548309326172, "time": 0.5210206985473633, "epoch": 7, "iter": 420, "memory": 13180, "step": 420}
{"multi-label/precision": 11.323429107666016, "multi-label/recall": 3.0040156841278076, "multi-label/f1-score": 4.066117763519287, "multi-label/precision_micro": 68.36638641357422, "multi-label/recall_micro": 8.669620513916016, "multi-label/f1-score_micro": 15.387885093688965, "multi-label/mAP": 21.693130493164062, "data_time": 0.0043886823038901054, "time": 0.19336930013472034, "step": 7}
{"lr": 0.00029927060115008606, "data_time": 0.00031850337982177737, "grad_norm": 4.290434527397156, "loss": 4.1799472093582155, "time": 0.5209049940109253, "epoch": 8, "iter": 480, "memory": 13180, "step": 480}
{"multi-label/precision": 15.269195556640625, "multi-label/recall": 5.357412338256836, "multi-label/f1-score": 6.158834934234619, "multi-label/precision_micro": 60.77470779418945, "multi-label/recall_micro": 16.345348358154297, "multi-label/f1-score_micro": 25.762008666992188, "multi-label/mAP": 22.245716094970703, "data_time": 0.004057588115815193, "time": 0.1924603485292004, "step": 8}
{"lr": 0.00029870049180073045, "data_time": 0.0003244161605834961, "grad_norm": 4.38575975894928, "loss": 4.083189153671265, "time": 0.5205304384231567, "epoch": 9, "iter": 540, "memory": 13180, "step": 540}
{"multi-label/precision": 16.549650192260742, "multi-label/recall": 4.623315811157227, "multi-label/f1-score": 5.813541412353516, "multi-label/precision_micro": 64.09638214111328, "multi-label/recall_micro": 12.740988731384277, "multi-label/f1-score_micro": 21.256616592407227, "multi-label/mAP": 22.55512046813965, "data_time": 0.004830229666925246, "time": 0.19300987259034189, "step": 9}
{"lr": 0.00029796778064678956, "data_time": 0.00031931400299072265, "grad_norm": 4.352672648429871, "loss": 4.092021656036377, "time": 0.5212583541870117, "epoch": 10, "iter": 600, "memory": 13180, "step": 600}
{"multi-label/precision": 18.264690399169922, "multi-label/recall": 3.5708937644958496, "multi-label/f1-score": 4.630920886993408, "multi-label/precision_micro": 65.41877746582031, "multi-label/recall_micro": 12.345827102661133, "multi-label/f1-score_micro": 20.77163314819336, "multi-label/mAP": 23.479171752929688, "data_time": 0.004586877361420662, "time": 0.19217578441865982, "step": 10}
