{"lr": 4.648829431438128e-05, "data_time": 0.0002612590789794922, "grad_norm": 6.703210496902466, "loss": 3.018386220932007, "time": 0.12598919868469238, "epoch": 1, "iter": 60, "memory": 8251, "step": 60}
{"multi-label/precision": 86.52128601074219, "multi-label/recall": 41.26721954345703, "multi-label/f1-score": 49.9202995300293, "multi-label/precision_micro": 94.92768859863281, "multi-label/recall_micro": 54.23302459716797, "multi-label/f1-score_micro": 69.02911376953125, "multi-label/mAP": 77.90522003173828, "data_time": 0.006101178341224546, "time": 0.06094843051472648, "step": 1}
{"lr": 5.986622073578602e-05, "data_time": 0.0002660989761352539, "grad_norm": 5.03999400138855, "loss": 1.6450435638427734, "time": 0.12563374042510986, "epoch": 2, "iter": 120, "memory": 8251, "step": 120}
{"multi-label/precision": 91.17507934570312, "multi-label/recall": 63.5379524230957, "multi-label/f1-score": 73.48046875, "multi-label/precision_micro": 92.95026397705078, "multi-label/recall_micro": 69.15338897705078, "multi-label/f1-score_micro": 79.30513000488281, "multi-label/mAP": 85.08342742919922, "data_time": 0.003046981749996062, "time": 0.056892906465838035, "step": 2}
{"lr": 7.324414715719068e-05, "data_time": 0.0002972602844238281, "grad_norm": 5.253731632232666, "loss": 1.1334364354610442, "time": 0.12647724151611328, "epoch": 3, "iter": 180, "memory": 8251, "step": 180}
{"multi-label/precision": 91.80017852783203, "multi-label/recall": 67.60344696044922, "multi-label/f1-score": 76.80613708496094, "multi-label/precision_micro": 93.0815658569336, "multi-label/recall_micro": 72.01532745361328, "multi-label/f1-score_micro": 81.20442962646484, "multi-label/mAP": 86.58148956298828, "data_time": 0.004480419620390861, "time": 0.05841255187988281, "step": 3}
{"lr": 8.662207357859542e-05, "data_time": 0.0002792119979858398, "grad_norm": 5.769310235977173, "loss": 0.9426926970481873, "time": 0.12706215381622316, "epoch": 4, "iter": 240, "memory": 8251, "step": 240}
{"multi-label/precision": 90.14326477050781, "multi-label/recall": 70.14519500732422, "multi-label/f1-score": 78.2484130859375, "multi-label/precision_micro": 91.14429473876953, "multi-label/recall_micro": 73.82349395751953, "multi-label/f1-score_micro": 81.57459259033203, "multi-label/mAP": 86.78707885742188, "data_time": 0.003050138873438681, "time": 0.05545325817600373, "step": 4}
{"lr": 0.00010000000000000018, "data_time": 0.00026872158050537107, "grad_norm": 5.918280935287475, "loss": 0.7556327104568481, "time": 0.12757720947265624, "epoch": 5, "iter": 300, "memory": 8251, "step": 300}
{"multi-label/precision": 89.1838607788086, "multi-label/recall": 69.56103515625, "multi-label/f1-score": 77.21528625488281, "multi-label/precision_micro": 90.8765640258789, "multi-label/recall_micro": 72.99724578857422, "multi-label/f1-score_micro": 80.9615478515625, "multi-label/mAP": 84.99051666259766, "data_time": 0.0040228482215635235, "time": 0.05610227969384963, "step": 5}
{"lr": 9.99735664315332e-05, "data_time": 0.00027680397033691406, "grad_norm": 5.65728497505188, "loss": 0.6220558643341064, "time": 0.12813594341278076, "epoch": 6, "iter": 360, "memory": 8251, "step": 360}
{"multi-label/precision": 89.27947998046875, "multi-label/recall": 68.84968566894531, "multi-label/f1-score": 76.64326477050781, "multi-label/precision_micro": 91.67936706542969, "multi-label/recall_micro": 72.03927612304688, "multi-label/f1-score_micro": 80.68128204345703, "multi-label/mAP": 85.59880065917969, "data_time": 0.003076772536000898, "time": 0.05674943231767224, "step": 6}
{"lr": 9.989249509621766e-05, "data_time": 0.00028073787689208984, "grad_norm": 5.719355201721191, "loss": 0.48755269050598143, "time": 0.1286168098449707, "epoch": 7, "iter": 420, "memory": 8251, "step": 420}
{"multi-label/precision": 87.47203826904297, "multi-label/recall": 71.6493911743164, "multi-label/f1-score": 78.39884185791016, "multi-label/precision_micro": 89.64073944091797, "multi-label/recall_micro": 74.39826965332031, "multi-label/f1-score_micro": 81.31134033203125, "multi-label/mAP": 85.3421401977539, "data_time": 0.0032200544111190303, "time": 0.05856743935615786, "step": 7}
{"lr": 9.975686705002876e-05, "data_time": 0.0002655982971191406, "grad_norm": 5.487735462188721, "loss": 0.44552540183067324, "time": 0.12871007919311522, "epoch": 8, "iter": 480, "memory": 8251, "step": 480}
{"multi-label/precision": 87.5680160522461, "multi-label/recall": 71.63478088378906, "multi-label/f1-score": 78.43949890136719, "multi-label/precision_micro": 89.21879577636719, "multi-label/recall_micro": 74.12285614013672, "multi-label/f1-score_micro": 80.97325134277344, "multi-label/mAP": 84.90721893310547, "data_time": 0.0031096742999169136, "time": 0.05648936763886483, "step": 8}
{"lr": 9.956683060024363e-05, "data_time": 0.000274348258972168, "grad_norm": 5.098166275024414, "loss": 0.3530536204576492, "time": 0.12915346622467042, "epoch": 9, "iter": 540, "memory": 8251, "step": 540}
{"multi-label/precision": 89.63844299316406, "multi-label/recall": 68.37290954589844, "multi-label/f1-score": 76.2002944946289, "multi-label/precision_micro": 91.96607208251953, "multi-label/recall_micro": 71.41659545898438, "multi-label/f1-score_micro": 80.39903259277344, "multi-label/mAP": 84.30375671386719, "data_time": 0.0043091120258454355, "time": 0.05880916887714017, "step": 9}
{"lr": 9.932259354892999e-05, "data_time": 0.00027048587799072266, "grad_norm": 4.567771673202515, "loss": 0.2794777601957321, "time": 0.12942359447479249, "epoch": 10, "iter": 600, "memory": 8251, "step": 600}
{"multi-label/precision": 87.80707550048828, "multi-label/recall": 70.83213806152344, "multi-label/f1-score": 77.56898498535156, "multi-label/precision_micro": 90.01329803466797, "multi-label/recall_micro": 72.9613265991211, "multi-label/f1-score_micro": 80.59524536132812, "multi-label/mAP": 85.08866882324219, "data_time": 0.004126679512762254, "time": 0.05654725720805506, "step": 10}
{"lr": 9.902442296571766e-05, "data_time": 0.00026199817657470705, "grad_norm": 4.553033185005188, "loss": 0.24177359491586686, "time": 0.129548978805542, "epoch": 11, "iter": 660, "memory": 8251, "step": 660}
{"multi-label/precision": 89.95465850830078, "multi-label/recall": 69.54739379882812, "multi-label/f1-score": 76.87281799316406, "multi-label/precision_micro": 90.79200744628906, "multi-label/recall_micro": 73.4403076171875, "multi-label/f1-score_micro": 81.19952392578125, "multi-label/mAP": 85.0489730834961, "data_time": 0.004444441487712245, "time": 0.0568778476407451, "step": 11}
{"lr": 9.867264489576158e-05, "data_time": 0.00028088092803955076, "grad_norm": 4.192853236198426, "loss": 0.20298627093434335, "time": 0.1297773838043213, "epoch": 12, "iter": 720, "memory": 8251, "step": 720}
{"multi-label/precision": 87.04707336425781, "multi-label/recall": 71.21356201171875, "multi-label/f1-score": 77.68299102783203, "multi-label/precision_micro": 89.04679870605469, "multi-label/recall_micro": 74.27852630615234, "multi-label/f1-score_micro": 80.99497985839844, "multi-label/mAP": 84.56438446044922, "data_time": 0.0038792625550300845, "time": 0.05837563160927065, "step": 12}
{"lr": 9.826764400321656e-05, "data_time": 0.00028543472290039064, "grad_norm": 4.376370000839233, "loss": 0.17714425548911095, "time": 0.12945342063903809, "epoch": 13, "iter": 780, "memory": 8251, "step": 780}
{"multi-label/precision": 87.49909973144531, "multi-label/recall": 69.8128662109375, "multi-label/f1-score": 76.83976745605469, "multi-label/precision_micro": 89.19512939453125, "multi-label/recall_micro": 72.85355377197266, "multi-label/f1-score_micro": 80.20037078857422, "multi-label/mAP": 83.9605484008789, "data_time": 0.004429986399988975, "time": 0.06097436720325101, "step": 13}
{"lr": 9.780986315061241e-05, "data_time": 0.0002734661102294922, "grad_norm": 4.207696080207825, "loss": 0.14965465366840364, "time": 0.1288372039794922, "epoch": 14, "iter": 840, "memory": 8251,