{"lr": 5.0000000000000004e-08, "data_time": 0.0001614093780517578, "grad_norm": 48.11632385253906, "loss": 14.552136135101318, "time": 0.0410212516784668, "epoch": 1, "iter": 90, "memory": 4866, "step": 90}
{"multi-label/precision": 6.993550777435303, "multi-label/recall": 53.02754592895508, "multi-label/f1-score": 9.54142951965332, "multi-label/precision_micro": 5.854380130767822, "multi-label/recall_micro": 44.07855224609375, "multi-label/f1-score_micro": 10.335968017578125, "multi-label/mAP": 7.021181106567383, "data_time": 0.0030542703775259163, "time": 0.02193261764861725, "step": 1}
{"lr": 1.2537500000000002e-05, "data_time": 0.00018193721771240235, "grad_norm": 26.58457660675049, "loss": 8.251279354095459, "time": 0.0385016918182373, "epoch": 2, "iter": 180, "memory": 4866, "step": 180}
{"multi-label/precision": 44.866920471191406, "multi-label/recall": 6.258139610290527, "multi-label/f1-score": 8.698038101196289, "multi-label/precision_micro": 86.68280792236328, "multi-label/recall_micro": 17.147645950317383, "multi-label/f1-score_micro": 28.631410598754883, "multi-label/mAP": 33.89201736450195, "data_time": 0.0017177851303764012, "time": 0.02070968824884166, "step": 2}
{"lr": 2.5025000000000002e-05, "data_time": 0.00017938613891601562, "grad_norm": 6.311760663986206, "loss": 3.8407711029052733, "time": 0.038190388679504396, "epoch": 3, "iter": 270, "memory": 4866, "step": 270}
{"multi-label/precision": 51.27045440673828, "multi-label/recall": 16.026403427124023, "multi-label/f1-score": 21.092374801635742, "multi-label/precision_micro": 92.23237609863281, "multi-label/recall_micro": 33.84025955200195, "multi-label/f1-score_micro": 49.513797760009766, "multi-label/mAP": 62.262630462646484, "data_time": 0.0018140932788019595, "time": 0.02072838078374448, "step": 3}
{"lr": 3.7512500000000004e-05, "data_time": 0.00019268989562988282, "grad_norm": 5.424034547805786, "loss": 3.1350976467132567, "time": 0.038711714744567874, "epoch": 4, "iter": 360, "memory": 4866, "step": 360}
{"multi-label/precision": 88.33528900146484, "multi-label/recall": 37.62683868408203, "multi-label/f1-score": 47.93921661376953, "multi-label/precision_micro": 93.3108901977539, "multi-label/recall_micro": 49.77846908569336, "multi-label/f1-score_micro": 64.92269134521484, "multi-label/mAP": 72.4145278930664, "data_time": 0.0017687574676845384, "time": 0.022526901701222294, "step": 4}
{"lr": 5.000000000000001e-05, "data_time": 0.0001857757568359375, "grad_norm": 5.561059761047363, "loss": 2.9752220153808593, "time": 0.03870267868041992, "epoch": 5, "iter": 450, "memory": 4866, "step": 450}
{"multi-label/precision": 88.6887435913086, "multi-label/recall": 50.72731018066406, "multi-label/f1-score": 61.589378356933594, "multi-label/precision_micro": 91.39765167236328, "multi-label/recall_micro": 59.66950225830078, "multi-label/f1-score_micro": 72.20169830322266, "multi-label/mAP": 76.78028106689453, "data_time": 0.002135963543601658, "time": 0.022715589274530826, "step": 5}
{"lr": 5.000000000000001e-05, "data_time": 0.00017817020416259765, "grad_norm": 5.795347404479981, "loss": 2.799587309360504, "time": 0.03880584239959717, "epoch": 6, "iter": 540, "memory": 4866, "step": 540}
{"multi-label/precision": 88.06495666503906, "multi-label/recall": 55.709022521972656, "multi-label/f1-score": 66.65052032470703, "multi-label/precision_micro": 91.2103271484375, "multi-label/recall_micro": 62.62723159790039, "multi-label/f1-score_micro": 74.2634048461914, "multi-label/mAP": 78.99895477294922, "data_time": 0.0017986686333366063, "time": 0.022397201994191044, "step": 6}
{"lr": 4.9987698290170845e-05, "data_time": 0.0001764535903930664, "grad_norm": 5.821905517578125, "loss": 2.4798316836357115, "time": 0.038753342628479, "epoch": 7, "iter": 630, "memory": 4866, "step": 630}
{"multi-label/precision": 88.66778564453125, "multi-label/recall": 58.53498458862305, "multi-label/f1-score": 69.19908905029297, "multi-label/precision_micro": 91.33322143554688, "multi-label/recall_micro": 64.2318344116211, "multi-label/f1-score_micro": 75.42182159423828, "multi-label/mAP": 80.44229888916016, "data_time": 0.0018428382666214652, "time": 0.022399026414622433, "step": 7}
{"lr": 4.995080661242244e-05, "data_time": 0.00018095970153808594, "grad_norm": 6.321912622451782, "loss": 2.8534597396850585, "time": 0.03862826824188233, "epoch": 8, "iter": 720, "memory": 4866, "step": 720}
{"multi-label/precision": 89.624267578125, "multi-label/recall": 58.3377571105957, "multi-label/f1-score": 69.245361328125, "multi-label/precision_micro": 91.86204528808594, "multi-label/recall_micro": 64.74673461914062, "multi-label/f1-score_micro": 75.95701599121094, "multi-label/mAP": 81.34881591796875, "data_time": 0.0016783890516861625, "time": 0.022304817386295483, "step": 8}
{"lr": 4.988936530726277e-05, "data_time": 0.00017704963684082032, "grad_norm": 5.897064924240112, "loss": 2.7148697853088377, "time": 0.03876626491546631, "epoch": 9, "iter": 810, "memory": 4866, "step": 810}
{"multi-label/precision": 89.15174102783203, "multi-label/recall": 61.1323127746582, "multi-label/f1-score": 71.52796173095703, "multi-label/precision_micro": 91.82579803466797, "multi-label/recall_micro": 65.64482879638672, "multi-label/f1-score_micro": 76.55889892578125, "multi-label/mAP": 81.7701644897461, "data_time": 0.0019142446310623832, "time": 0.023023631261742634, "step": 9}
{"lr": 4.9803441559856954e-05, "data_time": 0.0001918792724609375, "grad_norm": 6.231118488311767, "loss": 2.5763890147209167, "time": 0.0389636754989624, "epoch": 10, "iter": 900, "memory": 4866, "step": 900}
{"multi-label/precision": 88.72954559326172, "multi-label/recall": 62.0916748046875, "multi-label/f1-score": 72.13938903808594, "multi-label/precision_micro": 91.70915985107422, "multi-label/recall_micro": 66.75846862792969, "multi-label/f1-score_micro": 77.26957702636719, "multi-label/mAP": 82.17243194580078, "data_time": 0.0017739663953366487, "time": 0.022335086179816204, "step": 10}
{"lr": 4.969312932656127e-05, "data_time": 0.00018818378448486327, "grad_norm": 6.884576320648193, "loss": 2.7894625782966616, "time": 0.03890535831451416, "epoch": 11, "iter": 990, "memory": 4866, "step": 990}
{"multi-label/precision": 88.7457504272461, "multi-label/recall": 63.235145568847656, "multi-label/f1-score": 73.04411315917969, "multi-label/precision_micro": 91.53507995605469, "multi-label/recall_micro": 67.333251953125, "multi-label/f1-score_micro": 77.5907211303711, "multi-label/mAP": 82.72360229492188, "data_time": 0.0019298092178676438, "time": 0.022007361702297046, "step": 11}
{"lr": 4.955854923218323e-05, "data_time": 0.0001783609390258789, "grad_norm": 6.5734892845153805, "loss": 2.9130176305770874, "time": 0.038651323318481444, "epoch": 12, "iter": 1080, "memory": 4866, "step": 1080}
{"multi-label/precision": 89.43341064453125, "multi-label/recall": 63.83915328979492, "multi-label/f1-score": 73.71602630615234, "multi-label/precision_micro": 92.18187713623047, "multi-label/recall_micro": 67.48892211914062, "multi-label/f1-score_micro": 77.92601776123047, "multi-label/mAP": 83.059326171875, "data_time": 0.001899750336356785, "time": 0.021586755047673763, "step": 12}
{"lr": 4.939984843808015e-05, "data_time": 0.0001806020736694336, "grad_norm": 6.839469575881958, "loss": 2.4591243267059326, "time": 0.03897542953491211, "epoch": 13, "iter": 1170, "memory": 4866, "step": 1170}
{"multi-label/precision": 88.91632080078125, "multi-label/recall": 63.97283935546875, "multi-label/f1-score": 73.74634552001953, "multi-label/precision_micro": 91.66130065917969, "multi-label/recall_micro": 68.1834487915039, "multi-label/f1-score_micro": 78.19816589355469, "multi-label/mAP": 83.21630096435547, "data_time": 0.0022235694138900094, "time": 0.02028982794803122, "step": 13}
{"lr": 4.921720048124036e-05, "data_time": 0.00018482208251953126, "grad_norm": 6.836738872528076, "loss": 2.5268040895462036, "time": 0.039066219329833986, "epoch": 14, "iter": 1260, "memory": 4866,