{"lr": 5.0000000000000004e-08, "data_time": 0.00018990039825439453, "grad_norm": 49.538220977783205, "loss": 15.12954797744751, "time": 0.04615418910980225, "epoch": 1, "iter": 90, "memory": 5010, "step": 90}
{"multi-label/precision": 6.827392578125, "multi-label/recall": 62.86378860473633, "multi-label/f1-score": 10.706257820129395, "multi-label/precision_micro": 5.922221660614014, "multi-label/recall_micro": 51.47886276245117, "multi-label/f1-score_micro": 10.622420310974121, "multi-label/mAP": 7.4716291427612305, "data_time": 0.0028920514242989676, "time": 0.02372631659874549, "step": 1}
{"lr": 1.2537500000000002e-05, "data_time": 0.00021479129791259765, "grad_norm": 27.924928283691408, "loss": 8.539905643463134, "time": 0.0409454345703125, "epoch": 2, "iter": 180, "memory": 5010, "step": 180}
{"multi-label/precision": 39.185848236083984, "multi-label/recall": 9.406109809875488, "multi-label/f1-score": 12.107972145080566, "multi-label/precision_micro": 74.82621765136719, "multi-label/recall_micro": 18.04574203491211, "multi-label/f1-score_micro": 29.078628540039062, "multi-label/mAP": 31.4112606048584, "data_time": 0.0017971266870913298, "time": 0.022558466247890308, "step": 2}
{"lr": 2.5025000000000002e-05, "data_time": 0.00020816326141357422, "grad_norm": 6.287187480926514, "loss": 3.947011947631836, "time": 0.040970778465270995, "epoch": 3, "iter": 270, "memory": 5010, "step": 270}
{"multi-label/precision": 47.79773712158203, "multi-label/recall": 16.04219627380371, "multi-label/f1-score": 21.53439712524414, "multi-label/precision_micro": 95.43859100341797, "multi-label/recall_micro": 32.57094955444336, "multi-label/f1-score_micro": 48.56709289550781, "multi-label/mAP": 59.850563049316406, "data_time": 0.002130003079124119, "time": 0.02240024701408718, "step": 3}
{"lr": 3.7512500000000004e-05, "data_time": 0.0002169370651245117, "grad_norm": 5.797892045974732, "loss": 2.846895670890808, "time": 0.04106204509735108, "epoch": 4, "iter": 360, "memory": 5010, "step": 360}
{"multi-label/precision": 77.7288818359375, "multi-label/recall": 36.558311462402344, "multi-label/f1-score": 45.71489334106445, "multi-label/precision_micro": 92.72181701660156, "multi-label/recall_micro": 48.05412673950195, "multi-label/f1-score_micro": 63.30152893066406, "multi-label/mAP": 69.88224029541016, "data_time": 0.001944031404412311, "time": 0.02408548282540363, "step": 4}
{"lr": 5.000000000000001e-05, "data_time": 0.00021283626556396485, "grad_norm": 5.791423749923706, "loss": 2.9359084606170653, "time": 0.04121365547180176, "epoch": 5, "iter": 450, "memory": 5010, "step": 450}
{"multi-label/precision": 85.43131256103516, "multi-label/recall": 46.53231430053711, "multi-label/f1-score": 56.10004425048828, "multi-label/precision_micro": 91.79557800292969, "multi-label/recall_micro": 56.13698959350586, "multi-label/f1-score_micro": 69.6686019897461, "multi-label/mAP": 74.62512969970703, "data_time": 0.001713164474653161, "time": 0.02223773883736652, "step": 5}
{"lr": 5.000000000000001e-05, "data_time": 0.0002224445343017578, "grad_norm": 5.5583525657653805, "loss": 2.7256131052970884, "time": 0.04123578071594238, "epoch": 6, "iter": 540, "memory": 5010, "step": 540}
{"multi-label/precision": 88.29100036621094, "multi-label/recall": 52.91474151611328, "multi-label/f1-score": 63.096710205078125, "multi-label/precision_micro": 91.24954223632812, "multi-label/recall_micro": 59.813194274902344, "multi-label/f1-score_micro": 72.26039123535156, "multi-label/mAP": 77.12882232666016, "data_time": 0.0020753922669783883, "time": 0.022651195526123047, "step": 6}
{"lr": 4.9987698290170845e-05, "data_time": 0.00022487640380859376, "grad_norm": 6.4248542308807375, "loss": 2.315749728679657, "time": 0.041474342346191406, "epoch": 7, "iter": 630, "memory": 5010, "step": 630}
{"multi-label/precision": 88.51664733886719, "multi-label/recall": 55.715843200683594, "multi-label/f1-score": 66.40142059326172, "multi-label/precision_micro": 91.96744537353516, "multi-label/recall_micro": 62.244041442871094, "multi-label/f1-score_micro": 74.2412338256836, "multi-label/mAP": 78.73878479003906, "data_time": 0.0018677685571753461, "time": 0.02263760048410167, "step": 7}
{"lr": 4.995080661242244e-05, "data_time": 0.0002151012420654297, "grad_norm": 6.493347597122193, "loss": 2.9987676978111266, "time": 0.04123530387878418, "epoch": 8, "iter": 720, "memory": 5010, "step": 720}
{"multi-label/precision": 87.9153823852539, "multi-label/recall": 58.25486373901367, "multi-label/f1-score": 68.6648178100586, "multi-label/precision_micro": 91.39266967773438, "multi-label/recall_micro": 63.57322311401367, "multi-label/f1-score_micro": 74.98587036132812, "multi-label/mAP": 79.8012466430664, "data_time": 0.0018286031225453253, "time": 0.020711155041404392, "step": 8}
{"lr": 4.988936530726277e-05, "data_time": 0.00020945072174072266, "grad_norm": 5.972693967819214, "loss": 2.641720736026764, "time": 0.04128506183624268, "epoch": 9, "iter": 810, "memory": 5010, "step": 810}
{"multi-label/precision": 88.86322021484375, "multi-label/recall": 58.512855529785156, "multi-label/f1-score": 69.27687072753906, "multi-label/precision_micro": 91.626708984375, "multi-label/recall_micro": 64.07616424560547, "multi-label/f1-score_micro": 75.41399383544922, "multi-label/mAP": 80.48204040527344, "data_time": 0.0016997145569842794, "time": 0.020626340223395306, "step": 9}
{"lr": 4.9803441559856954e-05, "data_time": 0.00020945072174072266, "grad_norm": 6.3025390148162845, "loss": 2.794384503364563, "time": 0.041391730308532715, "epoch": 10, "iter": 900, "memory": 5010, "step": 900}
{"multi-label/precision": 88.54776763916016, "multi-label/recall": 60.27318572998047, "multi-label/f1-score": 70.49946594238281, "multi-label/precision_micro": 92.0223617553711, "multi-label/recall_micro": 65.05807495117188, "multi-label/f1-score_micro": 76.22588348388672, "multi-label/mAP": 81.0125732421875, "data_time": 0.0018456707830014436, "time": 0.021866733613221542, "step": 10}
{"lr": 4.969312932656127e-05, "data_time": 0.00021212100982666017, "grad_norm": 6.377823734283448, "loss": 2.7589041352272035, "time": 0.041399025917053224, "epoch": 11, "iter": 990, "memory": 5010, "step": 990}
{"multi-label/precision": 88.42098999023438, "multi-label/recall": 61.38047409057617, "multi-label/f1-score": 71.20455169677734, "multi-label/precision_micro": 91.12211608886719, "multi-label/recall_micro": 66.12381744384766, "multi-label/f1-score_micro": 76.63590240478516, "multi-label/mAP": 81.59701538085938, "data_time": 0.001631171806998875, "time": 0.021858337132827095, "step": 11}
{"lr": 4.955854923218323e-05, "data_time": 0.00021872520446777343, "grad_norm": 6.86026086807251, "loss": 3.1815011978149412, "time": 0.04153950214385986, "epoch": 12, "iter": 1080, "memory": 5010, "step": 1080}
{"multi-label/precision": 88.71419525146484, "multi-label/recall": 60.71736526489258, "multi-label/f1-score": 71.3553237915039, "multi-label/precision_micro": 91.65264129638672, "multi-label/recall_micro": 65.2137451171875, "multi-label/f1-score_micro": 76.20513153076172, "multi-label/mAP": 81.52734375, "data_time": 0.0017105444617893386, "time": 0.022043533947156822, "step": 12}
{"lr": 4.939984843808015e-05, "data_time": 0.0002153158187866211, "grad_norm": 6.488552188873291, "loss": 2.7439920902252197, "time": 0.04152007102966308, "epoch": 13, "iter": 1170, "memory": 5010, "step": 1170}
{"multi-label/precision": 88.44686126708984, "multi-label/recall": 61.80451202392578, "multi-label/f1-score": 71.81678771972656, "multi-label/precision_micro": 90.91650390625, "multi-label/recall_micro": 66.75846862792969, "multi-label/f1-score_micro": 76.98680877685547, "multi-label/mAP": 81.93292236328125, "data_time": 0.0021641461745552397, "time": 0.022413683974224587, "step": 13}
{"lr": 4.921720048124036e-05, "data_time": 0.0002121448516845703, "grad_norm": 6.544672679901123, "loss": 2.367751121520996, "time": 0.04141356945037842, "epoch": 14, "iter": 1260, "memory": 5010,