{"lr": 0.0016666666666666666, "data_time": 0.0001699209213256836, "grad_norm": 6.090267610549927, "loss": 3.2189135551452637, "time": 0.040224647521972655, "epoch": 1, "iter": 90, "memory": 4855, "step": 90}
{"multi-label/precision": 78.29132843017578, "multi-label/recall": 33.59820556640625, "multi-label/f1-score": 43.17128372192383, "multi-label/precision_micro": 90.84056854248047, "multi-label/recall_micro": 47.62303924560547, "multi-label/f1-score_micro": 62.48723602294922, "multi-label/mAP": 68.91401672363281, "data_time": 0.0025855289710747017, "time": 0.02213550137949514, "step": 1}
{"lr": 0.002037037037037037, "data_time": 0.00017495155334472655, "grad_norm": 5.884022426605225, "loss": 3.046018862724304, "time": 0.03779587745666504, "epoch": 2, "iter": 180, "memory": 4855, "step": 180}
{"multi-label/precision": 86.5423583984375, "multi-label/recall": 55.393463134765625, "multi-label/f1-score": 65.37680053710938, "multi-label/precision_micro": 90.61880493164062, "multi-label/recall_micro": 60.14848327636719, "multi-label/f1-score_micro": 72.3045883178711, "multi-label/mAP": 77.76136779785156, "data_time": 0.0015904074129850967, "time": 0.020313211109327232, "step": 2}
{"lr": 0.002407407407407407, "data_time": 0.00017993450164794923, "grad_norm": 6.589436817169189, "loss": 2.8256414771080016, "time": 0.0378603458404541, "epoch": 3, "iter": 270, "memory": 4855, "step": 270}
{"multi-label/precision": 86.85649108886719, "multi-label/recall": 59.30939865112305, "multi-label/f1-score": 69.30198669433594, "multi-label/precision_micro": 90.14820098876953, "multi-label/recall_micro": 64.10011291503906, "multi-label/f1-score_micro": 74.92476654052734, "multi-label/mAP": 80.03164672851562, "data_time": 0.0018294609111288319, "time": 0.020083067209824272, "step": 3}
{"lr": 0.0027777777777777775, "data_time": 0.00018529891967773439, "grad_norm": 6.993192100524903, "loss": 3.0273852229118345, "time": 0.03771045207977295, "epoch": 4, "iter": 360, "memory": 4855, "step": 360}
{"multi-label/precision": 87.35308074951172, "multi-label/recall": 62.30592727661133, "multi-label/f1-score": 71.45005798339844, "multi-label/precision_micro": 89.87445068359375, "multi-label/recall_micro": 66.00407409667969, "multi-label/f1-score_micro": 76.111572265625, "multi-label/mAP": 81.69171142578125, "data_time": 0.0016578695048456607, "time": 0.021659280942833942, "step": 4}
{"lr": 0.0031481481481481477, "data_time": 0.00017926692962646484, "grad_norm": 7.200259065628051, "loss": 3.0437434792518614, "time": 0.037699317932128905, "epoch": 5, "iter": 450, "memory": 4855, "step": 450}
{"multi-label/precision": 87.26638793945312, "multi-label/recall": 61.657264709472656, "multi-label/f1-score": 70.87594604492188, "multi-label/precision_micro": 89.53787231445312, "multi-label/recall_micro": 66.81834411621094, "multi-label/f1-score_micro": 76.5274658203125, "multi-label/mAP": 82.09818267822266, "data_time": 0.0016808898552604344, "time": 0.021823299967724342, "step": 5}
{"lr": 0.003518518518518518, "data_time": 0.00017409324645996095, "grad_norm": 7.056200313568115, "loss": 2.3069175601005556, "time": 0.03777613639831543, "epoch": 6, "iter": 540, "memory": 4855, "step": 540}
{"multi-label/precision": 88.80113220214844, "multi-label/recall": 61.26770782470703, "multi-label/f1-score": 71.6178970336914, "multi-label/precision_micro": 90.90013122558594, "multi-label/recall_micro": 66.26751708984375, "multi-label/f1-score_micro": 76.65351104736328, "multi-label/mAP": 82.17034149169922, "data_time": 0.002241601114687712, "time": 0.02184981107711792, "step": 6}
{"lr": 0.0038888888888888888, "data_time": 0.00018506050109863282, "grad_norm": 7.36359167098999, "loss": 2.1820377945899962, "time": 0.0382253885269165, "epoch": 7, "iter": 630, "memory": 4855, "step": 630}
{"multi-label/precision": 86.64852142333984, "multi-label/recall": 63.862037658691406, "multi-label/f1-score": 73.01265716552734, "multi-label/precision_micro": 88.63706970214844, "multi-label/recall_micro": 68.37504577636719, "multi-label/f1-score_micro": 77.19866943359375, "multi-label/mAP": 82.52303314208984, "data_time": 0.0015933280405790908, "time": 0.021328000918678616, "step": 7}
{"lr": 0.0042592592592592595, "data_time": 0.0001743316650390625, "grad_norm": 7.219048976898193, "loss": 2.4554918885231016, "time": 0.03815743923187256, "epoch": 8, "iter": 720, "memory": 4855, "step": 720}
{"multi-label/precision": 86.8781967163086, "multi-label/recall": 64.52654266357422, "multi-label/f1-score": 73.05146789550781, "multi-label/precision_micro": 89.87240600585938, "multi-label/recall_micro": 67.47694396972656, "multi-label/f1-score_micro": 77.0809097290039, "multi-label/mAP": 82.73629760742188, "data_time": 0.0017889167951500933, "time": 0.02198559045791626, "step": 8}
{"lr": 0.004629629629629629, "data_time": 0.00019159317016601563, "grad_norm": 7.623645210266114, "loss": 2.3254236221313476, "time": 0.038304257392883304, "epoch": 9, "iter": 810, "memory": 4855, "step": 810}
{"multi-label/precision": 87.92301940917969, "multi-label/recall": 62.363922119140625, "multi-label/f1-score": 71.42167663574219, "multi-label/precision_micro": 90.03278350830078, "multi-label/recall_micro": 65.76457977294922, "multi-label/f1-score_micro": 76.00858306884766, "multi-label/mAP": 81.75848388671875, "data_time": 0.0017911092094753099, "time": 0.021699091662531315, "step": 9}
{"lr": 0.005, "data_time": 0.0001823902130126953, "grad_norm": 7.981434392929077, "loss": 2.653545820713043, "time": 0.038055944442749026, "epoch": 10, "iter": 900, "memory": 4855, "step": 900}
{"multi-label/precision": 86.98054504394531, "multi-label/recall": 64.9381332397461, "multi-label/f1-score": 73.63318634033203, "multi-label/precision_micro": 88.057373046875, "multi-label/recall_micro": 67.63262176513672, "multi-label/f1-score_micro": 76.50524139404297, "multi-label/mAP": 82.45365905761719, "data_time": 0.001717953578285549, "time": 0.021525310433429222, "step": 10}
{"lr": 0.005, "data_time": 0.0001851797103881836, "grad_norm": 8.048191261291503, "loss": 2.597364771366119, "time": 0.038265657424926755, "epoch": 11, "iter": 990, "memory": 4855, "step": 990}
{"multi-label/precision": 86.06575775146484, "multi-label/recall": 64.5931167602539, "multi-label/f1-score": 72.43289184570312, "multi-label/precision_micro": 83.10660552978516, "multi-label/recall_micro": 71.6920166015625, "multi-label/f1-score_micro": 76.97846984863281, "multi-label/mAP": 82.27581024169922, "data_time": 0.0015863957612410836, "time": 0.021226486434107242, "step": 11}
{"lr": 0.005, "data_time": 0.00018467903137207032, "grad_norm": 7.149702358245849, "loss": 2.1096213340759276, "time": 0.03816044330596924, "epoch": 12, "iter": 1080, "memory": 4855, "step": 1080}
{"multi-label/precision": 87.64239501953125, "multi-label/recall": 62.72163772583008, "multi-label/f1-score": 72.11262512207031, "multi-label/precision_micro": 88.1513671875, "multi-label/recall_micro": 68.06370544433594, "multi-label/f1-score_micro": 76.81600189208984, "multi-label/mAP": 82.07637023925781, "data_time": 0.0020261899284694505, "time": 0.02166512219802193, "step": 12}
{"lr": 0.005, "data_time": 0.00018706321716308594, "grad_norm": 7.014630270004273, "loss": 2.4879250526428223, "time": 0.038176441192626955, "epoch": 13, "iter": 1170, "memory": 4855, "step": 1170}
{"multi-label/precision": 87.35682678222656, "multi-label/recall": 63.3614616394043, "multi-label/f1-score": 72.5350112915039, "multi-label/precision_micro": 88.06039428710938, "multi-label/recall_micro": 67.74039459228516, "multi-label/f1-score_micro": 76.57530212402344, "multi-label/mAP": 82.15514373779297, "data_time": 0.0016355151715485947, "time": 0.02068021763925967, "step": 13}
{"lr": 0.005, "data_time": 0.0001781940460205078, "grad_norm": 7.203808259963989, "loss": 2.1994660019874575, "time": 0.03828268051147461, "epoch": 14, "iter": 1260, "memory": 4855, "step": 1260}
{"multi-label/precision": 88.96759033203125, "multi-label/recall": 62.79636764526367,