{"base_lr": 1.0800889877641816e-05, "lr": 1.080088987764183e-06, "data_time": 0.01736009120941162, "grad_norm": 22.223892211914062, "loss": 12.434551239013672, "time": 0.08151519298553467, "epoch": 1, "iter": 90, "memory": 5181, "step": 90}
{"multi-label/precision": 7.781836032867432, "multi-label/recall": 20.161882400512695, "multi-label/f1-score": 9.500848770141602, "multi-label/precision_micro": 8.472135543823242, "multi-label/recall_micro": 21.13519287109375, "multi-label/f1-score_micro": 12.095667839050293, "multi-label/mAP": 8.003344535827637, "data_time": 0.003931265610914964, "time": 0.23588741742647612, "step": 1}
{"base_lr": 2.071190211345941e-05, "lr": 2.0711902113459426e-06, "data_time": 0.0011345148086547852, "grad_norm": 20.970725440979002, "loss": 9.01148509979248, "time": 0.10771069526672364, "epoch": 2, "iter": 180, "memory": 5181, "step": 180}
{"multi-label/precision": 12.03480339050293, "multi-label/recall": 0.4147833287715912, "multi-label/f1-score": 0.77851402759552, "multi-label/precision_micro": 28.469749450683594, "multi-label/recall_micro": 0.9579691290855408, "multi-label/f1-score_micro": 1.853568196296692, "multi-label/mAP": 9.778471946716309, "data_time": 0.0018346827963124151, "time": 0.3633252589598946, "step": 2}
{"base_lr": 3.0622914349277024e-05, "lr": 3.0622914349277e-06, "data_time": 0.001470470428466797, "grad_norm": 14.064670848846436, "loss": 5.80271348953247, "time": 0.10557789802551269, "epoch": 3, "iter": 270, "memory": 5181, "step": 270}
{"multi-label/precision": 3.8858695030212402, "multi-label/recall": 0.34161490201950073, "multi-label/f1-score": 0.6280192732810974, "multi-label/precision_micro": 77.71739196777344, "multi-label/recall_micro": 1.712369680404663, "multi-label/f1-score_micro": 3.350907564163208, "multi-label/mAP": 10.88025951385498, "data_time": 0.0019575668417889137, "time": 0.45177785209987475, "step": 3}
{"base_lr": 4.053392658509461e-05, "lr": 4.0533926585094576e-06, "data_time": 0.0010624170303344727, "grad_norm": 6.995623779296875, "loss": 4.623816204071045, "time": 0.10812222957611084, "epoch": 4, "iter": 360, "memory": 5181, "step": 360}
{"multi-label/precision": 3.7060704231262207, "multi-label/recall": 1.1084568500518799, "multi-label/f1-score": 1.7065098285675049, "multi-label/precision_micro": 74.12140655517578, "multi-label/recall_micro": 5.556221008300781, "multi-label/f1-score_micro": 10.337530136108398, "multi-label/mAP": 16.214677810668945, "data_time": 0.0018980554912401283, "time": 0.29318824540013855, "step": 4}
{"base_lr": 5.044493882091216e-05, "lr": 5.044493882091211e-06, "data_time": 0.0012604475021362304, "grad_norm": 5.688241100311279, "loss": 4.238976860046387, "time": 0.10950632095336914, "epoch": 5, "iter": 450, "memory": 5181, "step": 450}
{"multi-label/precision": 6.230158805847168, "multi-label/recall": 1.598176121711731, "multi-label/f1-score": 2.2637577056884766, "multi-label/precision_micro": 74.43693542480469, "multi-label/recall_micro": 7.915219783782959, "multi-label/f1-score_micro": 14.308907508850098, "multi-label/mAP": 22.7716007232666, "data_time": 0.00249915537626847, "time": 0.3697334165158479, "step": 5}
{"base_lr": 6.035595105672976e-05, "lr": 6.035595105672975e-06, "data_time": 0.0013164281845092773, "grad_norm": 5.819165897369385, "loss": 3.994244384765625, "time": 0.09934217929840088, "epoch": 6, "iter": 540, "memory": 5181, "step": 540}
{"multi-label/precision": 21.712745666503906, "multi-label/recall": 2.3682093620300293, "multi-label/f1-score": 3.481832981109619, "multi-label/precision_micro": 73.56746673583984, "multi-label/recall_micro": 9.531792640686035, "multi-label/f1-score_micro": 16.876922607421875, "multi-label/mAP": 26.374977111816406, "data_time": 0.002312240393265434, "time": 0.11824901207633641, "step": 6}
{"base_lr": 7.02669632925473e-05, "lr": 7.026696329254737e-06, "data_time": 0.001129293441772461, "grad_norm": 6.372391986846924, "loss": 3.978916954994202, "time": 0.10192708969116211, "epoch": 7, "iter": 630, "memory": 5181, "step": 630}
{"multi-label/precision": 29.076602935791016, "multi-label/recall": 4.482635498046875, "multi-label/f1-score": 6.786203861236572, "multi-label/precision_micro": 72.34042358398438, "multi-label/recall_micro": 12.621243476867676, "multi-label/f1-score_micro": 21.492658615112305, "multi-label/mAP": 29.42664909362793, "data_time": 0.0032381000726119332, "time": 0.07311296722163325, "step": 7}
{"base_lr": 8.017797552836476e-05, "lr": 8.017797552836487e-06, "data_time": 0.0010338783264160155, "grad_norm": 6.524976015090942, "loss": 3.7294332504272463, "time": 0.09937357902526855, "epoch": 8, "iter": 720, "memory": 5181, "step": 720}
{"multi-label/precision": 32.09545135498047, "multi-label/recall": 6.457354545593262, "multi-label/f1-score": 9.718622207641602, "multi-label/precision_micro": 71.604248046875, "multi-label/recall_micro": 15.33948040008545, "multi-label/f1-score_micro": 25.266273498535156, "multi-label/mAP": 32.05328369140625, "data_time": 0.0027213459429533586, "time": 0.07419977758241736, "step": 8}
{"base_lr": 9.008898776418229e-05, "lr": 9.008898776418254e-06, "data_time": 0.0010257244110107421, "grad_norm": 7.619906902313232, "loss": 3.8432420015335085, "time": 0.0990368127822876, "epoch": 9, "iter": 810, "memory": 5181, "step": 810}
{"multi-label/precision": 43.6717643737793, "multi-label/recall": 8.555620193481445, "multi-label/f1-score": 12.626642227172852, "multi-label/precision_micro": 72.06946563720703, "multi-label/recall_micro": 17.890073776245117, "multi-label/f1-score_micro": 28.66461944580078, "multi-label/mAP": 34.28326416015625, "data_time": 0.003019480601600979, "time": 0.07494535394336867, "step": 9}
{"base_lr": 9.99999999999998e-05, "lr": 1.0000000000000014e-05, "data_time": 0.0010980844497680664, "grad_norm": 7.615060806274414, "loss": 3.625595045089722, "time": 0.10061125755310059, "epoch": 10, "iter": 900, "memory": 5181, "step": 900}
{"multi-label/precision": 46.22940444946289, "multi-label/recall": 11.033709526062012, "multi-label/f1-score": 16.063663482666016, "multi-label/precision_micro": 71.22457885742188, "multi-label/recall_micro": 19.710214614868164, "multi-label/f1-score_micro": 30.876008987426758, "multi-label/mAP": 36.29607391357422, "data_time": 0.0031060680099155593, "time": 0.07540298803992894, "step": 10}
{"base_lr": 9.99933831229455e-05, "lr": 9.999398465722347e-06, "data_time": 0.0012236356735229493, "grad_norm": 8.180480003356934, "loss": 3.6694273471832277, "time": 0.10379612445831299, "epoch": 11, "iter": 990, "memory": 5181, "step": 990}
{"multi-label/precision": 49.035274505615234, "multi-label/recall": 12.087115287780762, "multi-label/f1-score": 17.64732551574707, "multi-label/precision_micro": 72.1297836303711, "multi-label/recall_micro": 20.763978958129883, "multi-label/f1-score_micro": 32.24546432495117, "multi-label/mAP": 37.500396728515625, "data_time": 0.003160963887753694, "time": 0.07127095823702605, "step": 11}
{"base_lr": 9.99732360845111e-05, "lr": 9.997566916773772e-06, "data_time": 0.0012472867965698242, "grad_norm": 8.569713449478149, "loss": 3.6271644830703735, "time": 0.10254952907562256, "epoch": 12, "iter": 1080, "memory": 5181, "step": 1080}
{"multi-label/precision": 66.11882781982422, "multi-label/recall": 13.646934509277344, "multi-label/f1-score": 19.50834846496582, "multi-label/precision_micro": 72.7340316772461, "multi-label/recall_micro": 23.446292877197266, "multi-label/f1-score_micro": 35.46137619018555, "multi-label/mAP": 39.1863899230957, "data_time": 0.004475627256476361, "time": 0.0754418502683225, "step": 12}
{"base_lr": 9.993956355731843e-05, "lr": 9.994505777938075e-06, "data_time": 0.001085042953491211, "grad_norm": 8.849474477767945, "loss": 3.6127354860305787, "time": 0.10299501419067383, "epoch": 13, "iter": 1170, "memory": 5181, "step": 1170}
{"multi-label/precision": 60.2257194519043, "multi-label/recall": 16.381202697753906, "multi-label/f1-score": 23.157276153564453,