{"base_lr": 1.0000000000000001e-07, "lr": 1e-08, "data_time": 0.04235830307006836, "grad_norm": 48.09962844848633, "loss": 14.139311981201171, "time": 0.06756327152252198, "epoch": 1, "iter": 90, "memory": 708, "step": 90}
{"multi-label/precision": 6.540970802307129, "multi-label/recall": 46.94907760620117, "multi-label/f1-score": 10.690837860107422, "multi-label/precision_micro": 7.878156661987305, "multi-label/recall_micro": 55.2508659362793, "multi-label/f1-score_micro": 13.790011405944824, "multi-label/mAP": 7.04799747467041, "data_time": 0.03353986897311368, "time": 0.055858698520031606, "step": 1}
{"base_lr": 2.5075000000000003e-05, "lr": 2.5075e-06, "data_time": 0.04683053493499756, "grad_norm": 10.607336902618409, "loss": 5.700554370880127, "time": 0.07136826515197754, "epoch": 2, "iter": 180, "memory": 724, "step": 180}
{"multi-label/precision": 6.506877899169922, "multi-label/recall": 44.381256103515625, "multi-label/f1-score": 10.504172325134277, "multi-label/precision_micro": 7.813061714172363, "multi-label/recall_micro": 52.02969741821289, "multi-label/f1-score_micro": 13.585979461669922, "multi-label/mAP": 6.977959632873535, "data_time": 0.02563796095226122, "time": 0.04917259838270104, "step": 2}
{"base_lr": 5.0050000000000004e-05, "lr": 5.005e-06, "data_time": 0.04714646339416504, "grad_norm": 4.806582117080689, "loss": 4.4918290138244625, "time": 0.06666243076324463, "epoch": 3, "iter": 270, "memory": 724, "step": 270}
{"multi-label/precision": 6.498659610748291, "multi-label/recall": 38.17644500732422, "multi-label/f1-score": 10.216730117797852, "multi-label/precision_micro": 8.212700843811035, "multi-label/recall_micro": 47.215904235839844, "multi-label/f1-score_micro": 13.99169635772705, "multi-label/mAP": 7.067408561706543, "data_time": 0.030753884626471478, "time": 0.052478240883868675, "step": 3}
{"base_lr": 7.502500000000001e-05, "lr": 7.5025e-06, "data_time": 0.033349013328552245, "grad_norm": 4.098950028419495, "loss": 4.476771593093872, "time": 0.057393550872802734, "epoch": 4, "iter": 360, "memory": 724, "step": 360}
{"multi-label/precision": 6.865584373474121, "multi-label/recall": 33.124385833740234, "multi-label/f1-score": 10.29205322265625, "multi-label/precision_micro": 9.037275314331055, "multi-label/recall_micro": 43.83906173706055, "multi-label/f1-score_micro": 14.985367774963379, "multi-label/mAP": 7.399387836456299, "data_time": 0.026184729907823646, "time": 0.05134168137674746, "step": 4}
{"base_lr": 0.00010000000000000002, "lr": 1e-05, "data_time": 0.05326683521270752, "grad_norm": 4.186396980285645, "loss": 4.039210247993469, "time": 0.07423553466796876, "epoch": 5, "iter": 450, "memory": 724, "step": 450}
{"multi-label/precision": 7.289921760559082, "multi-label/recall": 29.620498657226562, "multi-label/f1-score": 10.5513916015625, "multi-label/precision_micro": 10.145774841308594, "multi-label/recall_micro": 41.587833404541016, "multi-label/f1-score_micro": 16.312057495117188, "multi-label/mAP": 8.135397911071777, "data_time": 0.021088141462077267, "time": 0.04619000528169715, "step": 5}
{"base_lr": 0.00010000000000000002, "lr": 1e-05, "data_time": 0.016825342178344728, "grad_norm": 6.715329027175903, "loss": 3.7756821155548095, "time": 0.08139276504516602, "epoch": 6, "iter": 540, "memory": 5186, "step": 540}
{"multi-label/precision": 8.926340103149414, "multi-label/recall": 28.04739761352539, "multi-label/f1-score": 11.779799461364746, "multi-label/precision_micro": 12.060510635375977, "multi-label/recall_micro": 41.527957916259766, "multi-label/f1-score_micro": 18.692394256591797, "multi-label/mAP": 9.458857536315918, "data_time": 0.02744665353194527, "time": 0.04941562206848808, "step": 6}
{"base_lr": 9.997402972369401e-05, "lr": 9.998633143352316e-06, "data_time": 0.005149030685424804, "grad_norm": 6.306761884689331, "loss": 3.5727803468704225, "time": 0.06706111431121826, "epoch": 7, "iter": 630, "memory": 5186, "step": 630}
{"multi-label/precision": 12.0337495803833, "multi-label/recall": 25.752492904663086, "multi-label/f1-score": 12.945566177368164, "multi-label/precision_micro": 14.724493026733398, "multi-label/recall_micro": 40.126930236816406, "multi-label/f1-score_micro": 21.543603897094727, "multi-label/mAP": 11.33233642578125, "data_time": 0.026537063329116158, "time": 0.0498803620753081, "step": 7}
{"base_lr": 9.989614729289181e-05, "lr": 9.994534068046938e-06, "data_time": 0.0007369518280029297, "grad_norm": 6.337492799758911, "loss": 3.349977993965149, "time": 0.06651394367218018, "epoch": 8, "iter": 720, "memory": 5186, "step": 720}
{"multi-label/precision": 15.858373641967773, "multi-label/recall": 24.352550506591797, "multi-label/f1-score": 14.149518013000488, "multi-label/precision_micro": 17.77716636657715, "multi-label/recall_micro": 38.68997573852539, "multi-label/f1-score_micro": 24.361005783081055, "multi-label/mAP": 13.567129135131836, "data_time": 0.0334101448888364, "time": 0.05516417907631915, "step": 8}
{"base_lr": 9.976643787088806e-05, "lr": 9.98770725636253e-06, "data_time": 0.014871025085449218, "grad_norm": 6.383503007888794, "loss": 3.084792971611023, "time": 0.07904708385467529, "epoch": 9, "iter": 810, "memory": 5186, "step": 810}
{"multi-label/precision": 20.634166717529297, "multi-label/recall": 22.366191864013672, "multi-label/f1-score": 15.608370780944824, "multi-label/precision_micro": 22.778064727783203, "multi-label/recall_micro": 36.85786056518555, "multi-label/f1-score_micro": 28.15587043762207, "multi-label/mAP": 16.020946502685547, "data_time": 0.02869402843972911, "time": 0.0517179214436075, "step": 9}
{"base_lr": 9.958504329303134e-05, "lr": 9.978160173317438e-06, "data_time": 0.006824064254760742, "grad_norm": 6.601032352447509, "loss": 3.0698569059371947, "time": 0.07398545742034912, "epoch": 10, "iter": 900, "memory": 5186, "step": 900}
{"multi-label/precision": 26.569194793701172, "multi-label/recall": 21.262882232666016, "multi-label/f1-score": 16.921533584594727, "multi-label/precision_micro": 28.838951110839844, "multi-label/recall_micro": 35.95976638793945, "multi-label/f1-score_micro": 32.00809860229492, "multi-label/mAP": 19.370210647583008, "data_time": 0.026742670847022015, "time": 0.04983217560726663, "step": 10}
{"base_lr": 9.935216191162933e-05, "lr": 9.965903258506806e-06, "data_time": 0.017072391510009766, "grad_norm": 6.614455509185791, "loss": 3.3980603933334352, "time": 0.08066747188568116, "epoch": 11, "iter": 990, "memory": 5186, "step": 990}
{"multi-label/precision": 32.37233352661133, "multi-label/recall": 18.672466278076172, "multi-label/f1-score": 17.069746017456055, "multi-label/precision_micro": 36.552162170410156, "multi-label/recall_micro": 34.4030647277832, "multi-label/f1-score_micro": 35.445064544677734, "multi-label/mAP": 22.970657348632812, "data_time": 0.02776057305543319, "time": 0.051410488460374916, "step": 11}
{"base_lr": 9.906804837905347e-05, "lr": 9.950949914687025e-06, "data_time": 0.0020941972732543947, "grad_norm": 6.607932710647583, "loss": 2.8081159353256226, "time": 0.06093294620513916, "epoch": 12, "iter": 1080, "memory": 5186, "step": 1080}
{"multi-label/precision": 40.27012634277344, "multi-label/recall": 17.977985382080078, "multi-label/f1-score": 18.755441665649414, "multi-label/precision_micro": 43.92768859863281, "multi-label/recall_micro": 32.008140563964844, "multi-label/f1-score_micro": 37.032413482666016, "multi-label/mAP": 27.019527435302734, "data_time": 0.030901851861373238, "time": 0.051642262417337166, "step": 12}
{"base_lr": 9.87330133692803e-05, "lr": 9.933316493120016e-06, "data_time": 0.0005872726440429687, "grad_norm": 6.427248811721801, "loss": 2.696072578430176, "time": 0.05987229347229004, "epoch": 13, "iter": 1170, "memory": 5186, "step": 1170}
{"multi-label/precision": 47.74064636230469, "multi-label/recall": 17.66377830505371, "multi-label/f1-score": 19.23550033569336, "multi-label/precision_micro": 50.190185546875, "multi-label/recall_micro": 31.60100555419922,