{"base_lr": 5.000000000000001e-07, "lr": 5.0000000000000004e-08, "data_time": 0.015064072608947755, "grad_norm": 46.08773574829102, "loss": 13.889801597595214, "time": 0.07418327331542969, "epoch": 1, "iter": 90, "memory": 4875, "step": 90}
