{"lr": 5.0000000000000004e-08, "data_time": 0.00017411708831787108, "grad_norm": 47.43027305603027, "loss": 14.3298189163208, "time": 0.04166839122772217, "epoch": 1, "iter": 90, "memory": 4866, "step": 90}
{"multi-label/precision": 7.631998538970947, "multi-label/recall": 52.57963943481445, "multi-label/f1-score": 10.71269416809082, "multi-label/precision_micro": 6.153872013092041, "multi-label/recall_micro": 44.41384506225586, "multi-label/f1-score_micro": 10.809944152832031, "multi-label/mAP": 8.554903984069824, "data_time": 0.0032306189065451152, "time": 0.022088056082253928, "step": 1}
{"lr": 1.2537500000000002e-05, "data_time": 0.00018837451934814454, "grad_norm": 26.353836631774904, "loss": 8.064705896377564, "time": 0.038449335098266604, "epoch": 2, "iter": 180, "memory": 4866, "step": 180}
{"multi-label/precision": 32.33005142211914, "multi-label/recall": 7.254637718200684, "multi-label/f1-score": 10.098668098449707, "multi-label/precision_micro": 82.96530151367188, "multi-label/recall_micro": 18.89594078063965, "multi-label/f1-score_micro": 30.781234741210938, "multi-label/mAP": 33.582191467285156, "data_time": 0.0017129027325174084, "time": 0.020307776720627495, "step": 2}
{"lr": 2.5025000000000002e-05, "data_time": 0.00018656253814697266, "grad_norm": 6.278719568252564, "loss": 3.9552276849746706, "time": 0.03861846923828125, "epoch": 3, "iter": 270, "memory": 4866, "step": 270}
{"multi-label/precision": 56.443992614746094, "multi-label/recall": 18.555133819580078, "multi-label/f1-score": 24.647584915161133, "multi-label/precision_micro": 93.10892486572266, "multi-label/recall_micro": 35.10956573486328, "multi-label/f1-score_micro": 50.991302490234375, "multi-label/mAP": 62.075782775878906, "data_time": 0.0017497513605200727, "time": 0.02064014258592025, "step": 3}
{"lr": 3.7512500000000004e-05, "data_time": 0.00019993782043457032, "grad_norm": 5.582870960235596, "loss": 3.312209725379944, "time": 0.038706421852111816, "epoch": 4, "iter": 360, "memory": 4866, "step": 360}
{"multi-label/precision": 78.40541076660156, "multi-label/recall": 39.210472106933594, "multi-label/f1-score": 48.481689453125, "multi-label/precision_micro": 92.92841339111328, "multi-label/recall_micro": 51.29924392700195, "multi-label/f1-score_micro": 66.10600280761719, "multi-label/mAP": 71.08380889892578, "data_time": 0.0020483291667440662, "time": 0.02167571627575418, "step": 4}
{"lr": 5.000000000000001e-05, "data_time": 0.00018377304077148436, "grad_norm": 5.304325008392334, "loss": 3.0761869668960573, "time": 0.03865203857421875, "epoch": 5, "iter": 450, "memory": 4866, "step": 450}
{"multi-label/precision": 90.83901977539062, "multi-label/recall": 48.677955627441406, "multi-label/f1-score": 58.7208251953125, "multi-label/precision_micro": 92.37271881103516, "multi-label/recall_micro": 57.573944091796875, "multi-label/f1-score_micro": 70.93538665771484, "multi-label/mAP": 76.48107147216797, "data_time": 0.0017638621122940726, "time": 0.021783823552338974, "step": 5}
{"lr": 5.000000000000001e-05, "data_time": 0.0001918315887451172, "grad_norm": 6.227696084976197, "loss": 2.737394464015961, "time": 0.03867049217224121, "epoch": 6, "iter": 540, "memory": 4866, "step": 540}
{"multi-label/precision": 89.01717376708984, "multi-label/recall": 56.63654708862305, "multi-label/f1-score": 67.2519760131836, "multi-label/precision_micro": 91.61009979248047, "multi-label/recall_micro": 63.02239227294922, "multi-label/f1-score_micro": 74.67366790771484, "multi-label/mAP": 79.36135864257812, "data_time": 0.0017692239388175633, "time": 0.022114694118499756, "step": 6}
{"lr": 4.9987698290170845e-05, "data_time": 0.00018897056579589844, "grad_norm": 6.23771448135376, "loss": 2.7650046586990356, "time": 0.03868412971496582, "epoch": 7, "iter": 630, "memory": 4866, "step": 630}
{"multi-label/precision": 89.77606201171875, "multi-label/recall": 56.7161750793457, "multi-label/f1-score": 67.43568420410156, "multi-label/precision_micro": 92.12776947021484, "multi-label/recall_micro": 63.20201110839844, "multi-label/f1-score_micro": 74.97158813476562, "multi-label/mAP": 80.22694396972656, "data_time": 0.0017060300578241763, "time": 0.022382614405258842, "step": 7}
{"lr": 4.995080661242244e-05, "data_time": 0.00018825531005859376, "grad_norm": 6.235060119628907, "loss": 2.5683851838111877, "time": 0.03881881237030029, "epoch": 8, "iter": 720, "memory": 4866, "step": 720}
{"multi-label/precision": 89.35963439941406, "multi-label/recall": 59.35368728637695, "multi-label/f1-score": 69.60372161865234, "multi-label/precision_micro": 92.01148986816406, "multi-label/recall_micro": 65.2376937866211, "multi-label/f1-score_micro": 76.34529113769531, "multi-label/mAP": 81.2470932006836, "data_time": 0.0020567334216573963, "time": 0.022079628446827763, "step": 8}
{"lr": 4.988936530726277e-05, "data_time": 0.0001955747604370117, "grad_norm": 6.184383583068848, "loss": 2.73655766248703, "time": 0.03891148567199707, "epoch": 9, "iter": 810, "memory": 4866, "step": 810}
{"multi-label/precision": 88.90238952636719, "multi-label/recall": 60.668373107910156, "multi-label/f1-score": 71.15596008300781, "multi-label/precision_micro": 91.59860229492188, "multi-label/recall_micro": 65.80050659179688, "multi-label/f1-score_micro": 76.58536529541016, "multi-label/mAP": 81.7889404296875, "data_time": 0.0020990423534227452, "time": 0.021727528261101765, "step": 9}
{"lr": 4.9803441559856954e-05, "data_time": 0.00017981529235839845, "grad_norm": 6.190355443954468, "loss": 2.7369982242584228, "time": 0.038775300979614256, "epoch": 10, "iter": 900, "memory": 4866, "step": 900}
{"multi-label/precision": 89.61032104492188, "multi-label/recall": 60.97990798950195, "multi-label/f1-score": 71.41531372070312, "multi-label/precision_micro": 92.2212905883789, "multi-label/recall_micro": 65.87235260009766, "multi-label/f1-score_micro": 76.85108184814453, "multi-label/mAP": 82.20285034179688, "data_time": 0.0016875707584878673, "time": 0.021917371646217678, "step": 10}
{"lr": 4.969312932656127e-05, "data_time": 0.0001897096633911133, "grad_norm": 5.855530643463135, "loss": 2.6538613200187684, "time": 0.03891596794128418, "epoch": 11, "iter": 990, "memory": 4866, "step": 990}
{"multi-label/precision": 88.96949005126953, "multi-label/recall": 61.968902587890625, "multi-label/f1-score": 72.16920471191406, "multi-label/precision_micro": 92.12362670898438, "multi-label/recall_micro": 66.38726043701172, "multi-label/f1-score_micro": 77.1661148071289, "multi-label/mAP": 82.6108169555664, "data_time": 0.0017447056977645211, "time": 0.021737562573474388, "step": 11}
{"lr": 4.955854923218323e-05, "data_time": 0.00017554759979248046, "grad_norm": 6.596467685699463, "loss": 2.661221075057983, "time": 0.038660526275634766, "epoch": 12, "iter": 1080, "memory": 4866, "step": 1080}
{"multi-label/precision": 87.86919403076172, "multi-label/recall": 64.07830047607422, "multi-label/f1-score": 73.44535827636719, "multi-label/precision_micro": 90.81046295166016, "multi-label/recall_micro": 68.15950012207031, "multi-label/f1-score_micro": 77.87125396728516, "multi-label/mAP": 82.6993179321289, "data_time": 0.001652663168699845, "time": 0.01968351654384447, "step": 12}
{"lr": 4.939984843808015e-05, "data_time": 0.0001878976821899414, "grad_norm": 6.297497987747192, "loss": 2.548278832435608, "time": 0.038961935043334964, "epoch": 13, "iter": 1170, "memory": 4866, "step": 1170}
{"multi-label/precision": 89.70024108886719, "multi-label/recall": 63.11650848388672, "multi-label/f1-score": 72.95826721191406, "multi-label/precision_micro": 91.8155288696289, "multi-label/recall_micro": 67.7044677734375, "multi-label/f1-score_micro": 77.93783569335938, "multi-label/mAP": 83.05509948730469, "data_time": 0.0017827645592067552, "time": 0.020452175451361614, "step": 13}
{"lr": 4.921720048124036e-05, "data_time": 0.00018651485443115233, "grad_norm": 6.802602958679199, "loss": 2.4207252860069275, "time": 0.03896157741546631, "epoch": 14, "iter": 1260,