{"base_lr": 1.0800889877641816e-05, "lr": 1.080088987764183e-06, "data_time": 0.0130079984664917, "grad_norm": 36.83996696472168, "loss": 11.15125904083252, "time": 0.0733454704284668, "epoch": 1, "iter": 90, "memory": 5010, "step": 90}
{"multi-label/precision": 8.050912857055664, "multi-label/recall": 8.557300567626953, "multi-label/f1-score": 6.088290214538574, "multi-label/precision_micro": 11.612903594970703, "multi-label/recall_micro": 10.777152061462402, "multi-label/f1-score_micro": 11.179429054260254, "multi-label/mAP": 9.006762504577637, "data_time": 0.03675722551869822, "time": 0.05761699624113984, "step": 1}
{"base_lr": 2.071190211345941e-05, "lr": 2.0711902113459426e-06, "data_time": 0.009457540512084962, "grad_norm": 14.562718486785888, "loss": 6.112637138366699, "time": 0.06438751220703125, "epoch": 2, "iter": 180, "memory": 5010, "step": 180}
{"multi-label/precision": 4.766355037689209, "multi-label/recall": 0.24366936087608337, "multi-label/f1-score": 0.4636363387107849, "multi-label/precision_micro": 95.32710266113281, "multi-label/recall_micro": 1.2214106321334839, "multi-label/f1-score_micro": 2.4119176864624023, "multi-label/mAP": 13.284770011901855, "data_time": 0.0369695580523947, "time": 0.057071273741514786, "step": 2}
