{"base_lr": 1.0000000000000001e-07, "lr": 1e-08, "data_time": 0.05299384593963623, "grad_norm": 47.11406555175781, "loss": 13.932071781158447, "time": 0.07716455459594726, "epoch": 1, "iter": 90, "memory": 708, "step": 90}
{"multi-label/precision": 6.801802635192871, "multi-label/recall": 43.660423278808594, "multi-label/f1-score": 9.776762008666992, "multi-label/precision_micro": 6.926350116729736, "multi-label/recall_micro": 44.43779373168945, "multi-label/f1-score_micro": 11.984691619873047, "multi-label/mAP": 7.484927654266357, "data_time": 0.03227276592464237, "time": 0.05482174013997172, "step": 1}
{"base_lr": 2.5075000000000003e-05, "lr": 2.5075e-06, "data_time": 0.03714137077331543, "grad_norm": 10.710213947296143, "loss": 5.599686098098755, "time": 0.05899229049682617, "epoch": 2, "iter": 180, "memory": 724, "step": 180}
{"multi-label/precision": 6.8043718338012695, "multi-label/recall": 42.44058609008789, "multi-label/f1-score": 9.64796257019043, "multi-label/precision_micro": 6.986815452575684, "multi-label/recall_micro": 43.27625274658203, "multi-label/f1-score_micro": 12.031227111816406, "multi-label/mAP": 7.5051069259643555, "data_time": 0.028186256470887558, "time": 0.050271951633950936, "step": 2}
{"base_lr": 5.0050000000000004e-05, "lr": 5.005e-06, "data_time": 0.04952173233032227, "grad_norm": 4.6790683507919315, "loss": 4.587804746627808, "time": 0.0721656084060669, "epoch": 3, "iter": 270, "memory": 724, "step": 270}
{"multi-label/precision": 6.874713897705078, "multi-label/recall": 36.630348205566406, "multi-label/f1-score": 9.233744621276855, "multi-label/precision_micro": 7.073057651519775, "multi-label/recall_micro": 38.22296905517578, "multi-label/f1-score_micro": 11.937173843383789, "multi-label/mAP": 7.599574089050293, "data_time": 0.030283710230951725, "time": 0.05121481418609619, "step": 3}
{"base_lr": 7.502500000000001e-05, "lr": 7.5025e-06, "data_time": 0.04571919441223145, "grad_norm": 4.445278310775757, "loss": 4.252433347702026, "time": 0.06918070316314698, "epoch": 4, "iter": 360, "memory": 724, "step": 360}
{"multi-label/precision": 7.151329040527344, "multi-label/recall": 32.3928108215332, "multi-label/f1-score": 9.188074111938477, "multi-label/precision_micro": 7.63604736328125, "multi-label/recall_micro": 35.75619888305664, "multi-label/f1-score_micro": 12.584554672241211, "multi-label/mAP": 7.921314239501953, "data_time": 0.029567677041758663, "time": 0.05447906514872675, "step": 4}
{"base_lr": 0.00010000000000000002, "lr": 1e-05, "data_time": 0.050894856452941895, "grad_norm": 4.492251038551331, "loss": 4.167768239974976, "time": 0.07441999912261962, "epoch": 5, "iter": 450, "memory": 724, "step": 450}
{"multi-label/precision": 7.919371128082275, "multi-label/recall": 29.262706756591797, "multi-label/f1-score": 9.495828628540039, "multi-label/precision_micro": 8.63365650177002, "multi-label/recall_micro": 34.36714172363281, "multi-label/f1-score_micro": 13.800400733947754, "multi-label/mAP": 8.62992000579834, "data_time": 0.031892253004986305, "time": 0.055833912414053215, "step": 5}
{"base_lr": 0.00010000000000000002, "lr": 1e-05, "data_time": 0.013160037994384765, "grad_norm": 6.024301671981812, "loss": 3.841528081893921, "time": 0.07516038417816162, "epoch": 6, "iter": 540, "memory": 5186, "step": 540}
{"multi-label/precision": 8.962353706359863, "multi-label/recall": 28.313411712646484, "multi-label/f1-score": 10.501551628112793, "multi-label/precision_micro": 10.268298149108887, "multi-label/recall_micro": 36.067535400390625, "multi-label/f1-score_micro": 15.985563278198242, "multi-label/mAP": 9.946188926696777, "data_time": 0.03495026153066884, "time": 0.05594466821007107, "step": 6}
{"base_lr": 9.997402972369401e-05, "lr": 9.998633143352316e-06, "data_time": 0.010735535621643066, "grad_norm": 6.632243919372558, "loss": 3.3274255752563477, "time": 0.07419850826263427, "epoch": 7, "iter": 630, "memory": 5186, "step": 630}
{"multi-label/precision": 10.702242851257324, "multi-label/recall": 27.271947860717773, "multi-label/f1-score": 11.478521347045898, "multi-label/precision_micro": 12.224149703979492, "multi-label/recall_micro": 36.283077239990234, "multi-label/f1-score_micro": 18.28716278076172, "multi-label/mAP": 11.616096496582031, "data_time": 0.028744653515193775, "time": 0.05181599181631337, "step": 7}
{"base_lr": 9.989614729289181e-05, "lr": 9.994534068046938e-06, "data_time": 0.007263684272766113, "grad_norm": 6.1609025478363035, "loss": 3.5082273721694945, "time": 0.06686716079711914, "epoch": 8, "iter": 720, "memory": 5186, "step": 720}
{"multi-label/precision": 14.121109008789062, "multi-label/recall": 25.321624755859375, "multi-label/f1-score": 12.372161865234375, "multi-label/precision_micro": 13.807076454162598, "multi-label/recall_micro": 33.457069396972656, "multi-label/f1-score_micro": 19.547346115112305, "multi-label/mAP": 13.87911605834961, "data_time": 0.027950201345526653, "time": 0.050172707308893616, "step": 8}
{"base_lr": 9.976643787088806e-05, "lr": 9.98770725636253e-06, "data_time": 0.002189493179321289, "grad_norm": 6.2265349388122555, "loss": 3.3546169996261597, "time": 0.06347737312316895, "epoch": 9, "iter": 810, "memory": 5186, "step": 810}
{"multi-label/precision": 19.139406204223633, "multi-label/recall": 24.840438842773438, "multi-label/f1-score": 13.815559387207031, "multi-label/precision_micro": 17.553388595581055, "multi-label/recall_micro": 34.05580139160156, "multi-label/f1-score_micro": 23.16621208190918, "multi-label/mAP": 16.73060417175293, "data_time": 0.029189578864885414, "time": 0.05092244044594143, "step": 9}
{"base_lr": 9.958504329303134e-05, "lr": 9.978160173317438e-06, "data_time": 0.009261178970336913, "grad_norm": 6.388479423522949, "loss": 3.1324167013168336, "time": 0.06729385852813721, "epoch": 10, "iter": 900, "memory": 5186, "step": 900}
{"multi-label/precision": 24.971858978271484, "multi-label/recall": 23.164127349853516, "multi-label/f1-score": 15.287132263183594, "multi-label/precision_micro": 22.053020477294922, "multi-label/recall_micro": 33.46904373168945, "multi-label/f1-score_micro": 26.58739471435547, "multi-label/mAP": 20.128917694091797, "data_time": 0.03297609868256942, "time": 0.054044327010279114, "step": 10}
{"base_lr": 9.935216191162933e-05, "lr": 9.965903258506806e-06, "data_time": 0.00608367919921875, "grad_norm": 6.409394025802612, "loss": 2.983067512512207, "time": 0.06593451499938965, "epoch": 11, "iter": 990, "memory": 5186, "step": 990}
{"multi-label/precision": 30.3308162689209, "multi-label/recall": 22.222461700439453, "multi-label/f1-score": 16.36739730834961, "multi-label/precision_micro": 26.854095458984375, "multi-label/recall_micro": 33.169681549072266, "multi-label/f1-score_micro": 29.67963218688965, "multi-label/mAP": 24.02886962890625, "data_time": 0.03055253495340762, "time": 0.051339991714643395, "step": 11}
{"base_lr": 9.906804837905347e-05, "lr": 9.950949914687025e-06, "data_time": 0.0067249774932861325, "grad_norm": 6.23648419380188, "loss": 3.328562116622925, "time": 0.06498429775238038, "epoch": 12, "iter": 1080, "memory": 5186, "step": 1080}
{"multi-label/precision": 37.47439193725586, "multi-label/recall": 21.592145919799805, "multi-label/f1-score": 17.465089797973633, "multi-label/precision_micro": 33.2840576171875, "multi-label/recall_micro": 32.35540771484375, "multi-label/f1-score_micro": 32.81316375732422, "multi-label/mAP": 28.553346633911133, "data_time": 0.029449255570121433, "time": 0.05212667195693306, "step": 12}
