{"base_lr": 0.0001931939978563774, "lr": 0.0001931939978563774, "data_time": 0.0013045072555541992, "grad_norm": 4.523518133163452, "loss": 4.278609800338745, "time": 0.40166544914245605, "epoch": 1, "iter": 100, "memory": 5588, "step": 100}
{"base_lr": 0.0002199892818863883, "lr": 0.0002199892818863883, "data_time": 0.001401066780090332, "grad_norm": 4.556066560745239, "loss": 4.02056519985199, "time": 0.4033177375793457, "epoch": 1, "iter": 200, "memory": 5588, "step": 200}
{"accuracy/top1": 10.980490684509277, "accuracy/top5": 34.54227066040039, "data_time": 0.07159961911732565, "time": 0.1719984451453843, "step": 1}
{"base_lr": 0.0002599142550911047, "lr": 0.0002599142550911047, "data_time": 0.0016187429428100586, "grad_norm": 4.677305459976196, "loss": 3.9113696336746218, "time": 0.40247087478637694, "epoch": 2, "iter": 349, "memory": 5588, "step": 349}
{"base_lr": 0.0002867095391211152, "lr": 0.0002867095391211152, "data_time": 0.0017999887466430664, "grad_norm": 4.52573528289795, "loss": 3.751128101348877, "time": 0.40289130210876467, "epoch": 2, "iter": 449, "memory": 5588, "step": 449}
{"accuracy/top1": 14.082040786743164, "accuracy/top5": 43.29664993286133, "data_time": 0.000793160427184332, "time": 0.09996608751160758, "step": 2}
{"base_lr": 0.00032663451232583114, "lr": 0.00032663451232583114, "data_time": 0.001963901519775391, "grad_norm": 4.367959499359131, "loss": 3.6133310556411744, "time": 0.5340898990631103, "epoch": 3, "iter": 598, "memory": 5588, "step": 598}
{"base_lr": 0.00035342979635584167, "lr": 0.00035342979635584167, "data_time": 0.0010048866271972657, "grad_norm": 4.574166631698608, "loss": 3.7568345785140993, "time": 0.41529345512390137, "epoch": 3, "iter": 698, "memory": 5588, "step": 698}
{"accuracy/top1": 15.857929229736328, "accuracy/top5": 46.548274993896484, "data_time": 0.0007450566405341739, "time": 0.09944013328779311, "step": 3}
{"base_lr": 0.0003933547695605569, "lr": 0.0003933547695605569, "data_time": 0.00144195556640625, "grad_norm": 4.3538109302520756, "loss": 3.6089670658111572, "time": 0.5302942037582398, "epoch": 4, "iter": 847, "memory": 5588, "step": 847}
{"base_lr": 0.0004201500535905678, "lr": 0.0004201500535905678, "data_time": 0.0017588615417480468, "grad_norm": 4.455637884140015, "loss": 3.7021347999572756, "time": 0.5209061145782471, "epoch": 4, "iter": 947, "memory": 5588, "step": 947}
{"accuracy/top1": 15.757879257202148, "accuracy/top5": 46.748374938964844, "data_time": 0.0010024493648892357, "time": 0.10967074831326802, "step": 4}
{"base_lr": 0.0004600750267952834, "lr": 0.0004600750267952834, "data_time": 0.0017458200454711914, "grad_norm": 4.502809047698975, "loss": 3.560602617263794, "time": 0.5082414150238037, "epoch": 5, "iter": 1096, "memory": 5588, "step": 1096}
{"base_lr": 0.0004868703108252942, "lr": 0.0004868703108252942, "data_time": 0.0013750076293945312, "grad_norm": 4.231233668327332, "loss": 3.729890298843384, "time": 0.5267796754837036, "epoch": 5, "iter": 1196, "memory": 5588, "step": 1196}
{"accuracy/top1": 18.484241485595703, "accuracy/top5": 47.498748779296875, "data_time": 0.0007329356102716355, "time": 0.10320904283296495, "step": 5}
{"base_lr": 0.0004999783913325252, "lr": 0.0004999783913325252, "data_time": 0.0019998550415039062, "grad_norm": 4.3451478481292725, "loss": 3.5371103048324586, "time": 0.5399031639099121, "epoch": 6, "iter": 1345, "memory": 5588, "step": 1345}
{"base_lr": 0.0004999126938721403, "lr": 0.0004999126938721403, "data_time": 0.001613783836364746, "grad_norm": 4.165307092666626, "loss": 3.4875574588775633, "time": 0.4594179630279541, "epoch": 6, "iter": 1445, "memory": 5588, "step": 1445}
{"accuracy/top1": 17.283641815185547, "accuracy/top5": 47.573787689208984, "data_time": 0.0007015367348988851, "time": 0.10135845910935175, "step": 6}
{"base_lr": 0.0004997330407129814, "lr": 0.0004997330407129814, "data_time": 0.0020026683807373045, "grad_norm": 4.392447972297669, "loss": 3.52867169380188, "time": 0.5113720417022705, "epoch": 7, "iter": 1594, "memory": 5588, "step": 1594}
{"base_lr": 0.0004995576237946016, "lr": 0.0004995576237946016, "data_time": 0.00198819637298584, "grad_norm": 4.015269160270691, "loss": 3.479731249809265, "time": 0.5166694164276123, "epoch": 7, "iter": 1694, "memory": 5588, "step": 1694}
{"accuracy/top1": 17.40870475769043, "accuracy/top5": 45.22261047363281, "data_time": 0.0008725467182341076, "time": 0.10074259269805182, "step": 7}
{"base_lr": 0.0004992146106799606, "lr": 0.0004992146106799606, "data_time": 0.0018200397491455079, "grad_norm": 4.134399652481079, "loss": 3.45250346660614, "time": 0.49304909706115724, "epoch": 8, "iter": 1843, "memory": 5588, "step": 1843}
{"base_lr": 0.0004989296661194114, "lr": 0.0004989296661194114, "data_time": 0.0017542600631713866, "grad_norm": 4.1826084613800045, "loss": 3.4840136528015138, "time": 0.5505387544631958, "epoch": 8, "iter": 1943, "memory": 5588, "step": 1943}
{"accuracy/top1": 18.95948028564453, "accuracy/top5": 50.12506103515625, "data_time": 0.0007834150677635556, "time": 0.11630149114699591, "step": 8}
{"base_lr": 0.0004984236681290934, "lr": 0.0004984236681290934, "data_time": 0.001845574378967285, "grad_norm": 5.481717562675476, "loss": 3.4689512968063356, "time": 0.47904601097106936, "epoch": 9, "iter": 2092, "memory": 5588, "step": 2092}
{"base_lr": 0.0004980295075090682, "lr": 0.0004980295075090682, "data_time": 0.0017578125, "grad_norm": 4.321699500083923, "loss": 3.502299094200134, "time": 0.5175209999084472, "epoch": 9, "iter": 2192, "memory": 5588, "step": 2192}
{"accuracy/top1": 20.460229873657227, "accuracy/top5": 51.90095138549805, "data_time": 0.0006986430713108607, "time": 0.09945713906061082, "step": 9}
{"base_lr": 0.0004973610779444475, "lr": 0.0004973610779444475, "data_time": 0.0017254114151000976, "grad_norm": 3.823893690109253, "loss": 3.3859049797058107, "time": 0.517727541923523, "epoch": 10, "iter": 2341, "memory": 5588, "step": 2341}
{"base_lr": 0.0004968581322737968, "lr": 0.0004968581322737968, "data_time": 0.0016230106353759765, "grad_norm": 4.112762427330017, "loss": 3.432528519630432, "time": 0.5239067554473877, "epoch": 10, "iter": 2441, "memory": 5588, "step": 2441}
{"accuracy/top1": 19.484743118286133, "accuracy/top5": 52.15107727050781, "data_time": 0.0009948483535221645, "time": 0.10283764487221128, "step": 10}
{"base_lr": 0.0004960280020527878, "lr": 0.0004960280020527878, "data_time": 0.0010003089904785157, "grad_norm": 3.731920266151428, "loss": 3.3757071018218996, "time": 0.504349660873413, "epoch": 11, "iter": 2590, "memory": 5588, "step": 2590}
{"base_lr": 0.0004954168212952187, "lr": 0.0004954168212952187, "data_time": 0.0018078804016113282, "grad_norm": 4.169638991355896, "loss": 3.3123694181442263, "time": 0.5244350433349609, "epoch": 11, "iter": 2690, "memory": 5588, "step": 2690}
{"accuracy/top1": 16.708354949951172, "accuracy/top5": 45.47273635864258, "data_time": 0.0007608717396145775, "time": 0.10327367413611639, "step": 11}
{"base_lr": 0.0004944258981530302, "lr": 0.0004944258981530302, "data_time": 0.0018030405044555664, "grad_norm": 3.6010144472122194, "loss": 3.4986128568649293, "time": 0.5199723720550538, "epoch": 12, "iter": 2839, "memory": 5588, "step": 2839}
{"base_lr": 0.0004937071506257272, "lr": 0.0004937071506257272, "data_time": 0.0013749122619628907, "grad_norm": 3.404255414009094, "loss": 3.512599563598633, "time": 0.5330184698104858, "epoch": 12, "iter": 2939, "memory": 5588, "step": 2939}
{"accuracy/top1": 22.561281204223633, "accuracy/top5": 55.1525764465332, "data_time": 0.0006172188690730504, "time": 0.10331844999676659, "step": 12}
{"base_lr": 0.0004925565181222673, "lr": 0.0004925565181222673, "data_time": 0.001483607292175293, "grad_norm": 3.8094948530197144, "loss": 3.3764570713043214, "time": 0.4985785484313965, "epoch": 13, "iter": 3088, "memory": 5588, "step": 3088}
{"base_lr": 0.0004917309897650996, "lr": 0.0004917309897650996, "data_time": 0.0016094207763671874,