{"base_lr": 1.0000000000000001e-07, "lr": 1e-08, "data_time": 0.07210800647735596, "grad_norm": 48.189720916748044, "loss": 14.498281574249267, "time": 0.0953629493713379, "epoch": 1, "iter": 90, "memory": 708, "step": 90}
{"multi-label/precision": 6.489339351654053, "multi-label/recall": 54.37482833862305, "multi-label/f1-score": 10.388362884521484, "multi-label/precision_micro": 7.216708183288574, "multi-label/recall_micro": 58.34031677246094, "multi-label/f1-score_micro": 12.844544410705566, "multi-label/mAP": 7.098681449890137, "data_time": 0.0319039795424912, "time": 0.054615261790516616, "step": 1}
