{"base_lr": 0.00046828503082363106, "lr": 0.00046828503082363106, "data_time": 0.0005998849868774414, "grad_norm": 4.7536297798156735, "loss": 3.174124765396118, "time": 0.4120113611221313, "epoch": 21, "iter": 5080, "memory": 5588, "step": 5080}
{"base_lr": 0.00046664732233476353, "lr": 0.00046664732233476353, "data_time": 0.0011086463928222656, "grad_norm": 4.735002088546753, "loss": 3.3624555826187135, "time": 0.45206878185272215, "epoch": 21, "iter": 5180, "memory": 5588, "step": 5180}
{"accuracy/top1": 25.187593460083008, "accuracy/top5": 57.30364990234375, "data_time": 0.06989647519020807, "time": 0.15865040818850198, "step": 21}
