{"base_lr": 1.0800889877641816e-05, "lr": 1.080088987764183e-06, "data_time": 0.001374673843383789, "grad_norm": 22.267536544799803, "loss": 12.45517463684082, "time": 0.10937068462371827, "epoch": 1, "iter": 90, "memory": 5181, "step": 90}
{"multi-label/precision": 7.7095184326171875, "multi-label/recall": 22.182403564453125, "multi-label/f1-score": 9.618585586547852, "multi-label/precision_micro": 7.955915451049805, "multi-label/recall_micro": 22.129085540771484, "multi-label/f1-score_micro": 11.703980445861816, "multi-label/mAP": 7.928337097167969, "data_time": 0.0032328196934291293, "time": 0.16442851181868667, "step": 1}
{"base_lr": 2.071190211345941e-05, "lr": 2.0711902113459426e-06, "data_time": 0.0009678840637207031, "grad_norm": 25.67798480987549, "loss": 9.216067790985107, "time": 0.101859450340271, "epoch": 2, "iter": 180, "memory": 5181, "step": 180}
{"multi-label/precision": 11.338394165039062, "multi-label/recall": 0.6928029656410217, "multi-label/f1-score": 1.2577650547027588, "multi-label/precision_micro": 36.41304397583008, "multi-label/recall_micro": 1.6045981645584106, "multi-label/f1-score_micro": 3.073746681213379, "multi-label/mAP": 9.793243408203125, "data_time": 0.0027193789896757707, "time": 0.07934630953747293, "step": 2}
{"base_lr": 3.0622914349277024e-05, "lr": 3.0622914349277e-06, "data_time": 0.00100400447845459, "grad_norm": 12.706828498840332, "loss": 5.784405469894409, "time": 0.10044329166412354, "epoch": 3, "iter": 270, "memory": 5181, "step": 270}
{"multi-label/precision": 4.0217390060424805, "multi-label/recall": 0.3535594642162323, "multi-label/f1-score": 0.6499780416488647, "multi-label/precision_micro": 80.43478393554688, "multi-label/recall_micro": 1.772242784500122, "multi-label/f1-score_micro": 3.4680728912353516, "multi-label/mAP": 10.917129516601562, "data_time": 0.001916019812874172, "time": 0.09303700923919678, "step": 3}
{"base_lr": 4.053392658509461e-05, "lr": 4.0533926585094576e-06, "data_time": 0.0010637521743774414, "grad_norm": 7.956812143325806, "loss": 4.631863784790039, "time": 0.10018572807312012, "epoch": 4, "iter": 360, "memory": 5181, "step": 360}
{"multi-label/precision": 3.8877952098846436, "multi-label/recall": 0.9436216354370117, "multi-label/f1-score": 1.5186467170715332, "multi-label/precision_micro": 77.75590515136719, "multi-label/recall_micro": 4.7299723625183105, "multi-label/f1-score_micro": 8.917485237121582, "multi-label/mAP": 16.224016189575195, "data_time": 0.0024044850598210874, "time": 0.08567200536313264, "step": 4}
{"base_lr": 5.044493882091216e-05, "lr": 5.044493882091211e-06, "data_time": 0.0010637521743774414, "grad_norm": 5.296702289581299, "loss": 4.209589052200317, "time": 0.10056147575378419, "epoch": 5, "iter": 450, "memory": 5181, "step": 450}
{"multi-label/precision": 6.271827697753906, "multi-label/recall": 1.56553053855896, "multi-label/f1-score": 2.2299046516418457, "multi-label/precision_micro": 75.31865692138672, "multi-label/recall_micro": 7.783498764038086, "multi-label/f1-score_micro": 14.108963966369629, "multi-label/mAP": 22.57007598876953, "data_time": 0.0025780797004699707, "time": 0.072128775327102, "step": 5}
{"base_lr": 6.035595105672976e-05, "lr": 6.035595105672975e-06, "data_time": 0.001045060157775879, "grad_norm": 5.887629985809326, "loss": 3.9958441734313963, "time": 0.10177738666534424, "epoch": 6, "iter": 540, "memory": 5181, "step": 540}
{"multi-label/precision": 21.264881134033203, "multi-label/recall": 2.358107089996338, "multi-label/f1-score": 3.492856502532959, "multi-label/precision_micro": 73.1385498046875, "multi-label/recall_micro": 9.2923002243042, "multi-label/f1-score_micro": 16.489587783813477, "multi-label/mAP": 26.531522750854492, "data_time": 0.0028299637462781825, "time": 0.07443879998248557, "step": 6}
{"base_lr": 7.02669632925473e-05, "lr": 7.026696329254737e-06, "data_time": 0.001178741455078125, "grad_norm": 6.298666095733642, "loss": 3.941800117492676, "time": 0.10116086006164551, "epoch": 7, "iter": 630, "memory": 5181, "step": 630}
{"multi-label/precision": 27.87746810913086, "multi-label/recall": 4.110623359680176, "multi-label/f1-score": 6.246499061584473, "multi-label/precision_micro": 71.68588256835938, "multi-label/recall_micro": 11.914740562438965, "multi-label/f1-score_micro": 20.43330955505371, "multi-label/mAP": 29.336816787719727, "data_time": 0.0038498951041180153, "time": 0.072323695473049, "step": 7}
{"base_lr": 8.017797552836476e-05, "lr": 8.017797552836487e-06, "data_time": 0.0011332511901855468, "grad_norm": 6.61636061668396, "loss": 3.770521116256714, "time": 0.10040605068206787, "epoch": 8, "iter": 720, "memory": 5181, "step": 720}
{"multi-label/precision": 32.619285583496094, "multi-label/recall": 7.134024143218994, "multi-label/f1-score": 10.719042778015137, "multi-label/precision_micro": 71.03004455566406, "multi-label/recall_micro": 15.854388236999512, "multi-label/f1-score_micro": 25.922664642333984, "multi-label/mAP": 31.929630279541016, "data_time": 0.00260661736778591, "time": 0.07480313985244087, "step": 8}
{"base_lr": 9.008898776418229e-05, "lr": 9.008898776418254e-06, "data_time": 0.001180410385131836, "grad_norm": 7.463941431045532, "loss": 3.7933284044265747, "time": 0.15568723678588867, "epoch": 9, "iter": 810, "memory": 5181, "step": 810}
{"multi-label/precision": 43.219322204589844, "multi-label/recall": 8.281363487243652, "multi-label/f1-score": 12.32245922088623, "multi-label/precision_micro": 72.24429321289062, "multi-label/recall_micro": 17.423063278198242, "multi-label/f1-score_micro": 28.075254440307617, "multi-label/mAP": 34.295684814453125, "data_time": 0.002352916676065196, "time": 0.45360176200452057, "step": 9}
{"base_lr": 9.99999999999998e-05, "lr": 1.0000000000000014e-05, "data_time": 0.001319551467895508, "grad_norm": 7.496423625946045, "loss": 3.617649054527283, "time": 0.1500188112258911, "epoch": 10, "iter": 900, "memory": 5181, "step": 900}
{"multi-label/precision": 45.871639251708984, "multi-label/recall": 10.700860977172852, "multi-label/f1-score": 15.7874116897583, "multi-label/precision_micro": 71.14298248291016, "multi-label/recall_micro": 19.60244369506836, "multi-label/f1-score_micro": 30.736013412475586, "multi-label/mAP": 36.231658935546875, "data_time": 0.0022150692732437797, "time": 0.2909148335456848, "step": 10}
{"base_lr": 9.99933831229455e-05, "lr": 9.999398465722347e-06, "data_time": 0.0012105226516723633, "grad_norm": 7.893438911437988, "loss": 3.6229228734970094, "time": 0.15195822715759277, "epoch": 11, "iter": 990, "memory": 5181, "step": 990}
{"multi-label/precision": 49.704002380371094, "multi-label/recall": 12.149968147277832, "multi-label/f1-score": 17.846210479736328, "multi-label/precision_micro": 72.70419311523438, "multi-label/recall_micro": 20.572385787963867, "multi-label/f1-score_micro": 32.070186614990234, "multi-label/mAP": 37.61295700073242, "data_time": 0.0019185828125995138, "time": 0.33789759615193243, "step": 11}
{"base_lr": 9.99732360845111e-05, "lr": 9.997566916773772e-06, "data_time": 0.0011962890625, "grad_norm": 8.729232454299927, "loss": 3.624957251548767, "time": 0.15145890712738036, "epoch": 12, "iter": 1080, "memory": 5181, "step": 1080}
{"multi-label/precision": 59.993812561035156, "multi-label/recall": 13.685259819030762, "multi-label/f1-score": 19.49464988708496, "multi-label/precision_micro": 72.38666534423828, "multi-label/recall_micro": 23.13495445251465, "multi-label/f1-score_micro": 35.06352233886719, "multi-label/mAP": 38.9869499206543, "data_time": 0.0018406614013340163, "time": 0.4304399723592012, "step": 12}
{"base_lr": 9.993956355731843e-05, "lr": 9.994505777938075e-06, "data_time": 0.0014497995376586913, "grad_norm": 8.64125852584839, "loss": 3.6157039642333983, "time": 0.13937890529632568, "epoch": 13, "iter": 1170, "memory": 5181, "step": 1170}
{"multi-label/precision": 58.7443962097168, "multi-label/recall": 15.946062088012695, "multi-label/f1-score": 22.676502227783203,