{"base_lr": 1.0000000000000001e-07, "lr": 1e-08, "data_time": 0.06136751174926758, "grad_norm": 45.93396263122558, "loss": 13.615817642211914, "time": 0.08506622314453124, "epoch": 1, "iter": 90, "memory": 708, "step": 90}
{"multi-label/precision": 6.92822790145874, "multi-label/recall": 46.68532180786133, "multi-label/f1-score": 10.286172866821289, "multi-label/precision_micro": 7.897583961486816, "multi-label/recall_micro": 51.56268310546875, "multi-label/f1-score_micro": 13.697235107421875, "multi-label/mAP": 7.963648319244385, "data_time": 0.030969630230914105, "time": 0.05393331129472334, "step": 1}
{"base_lr": 2.5075000000000003e-05, "lr": 2.5075e-06, "data_time": 0.06256678104400634, "grad_norm": 10.217053699493409, "loss": 5.556023645401001, "time": 0.08557536602020263, "epoch": 2, "iter": 180, "memory": 724, "step": 180}
{"multi-label/precision": 7.068334102630615, "multi-label/recall": 44.79261779785156, "multi-label/f1-score": 10.247861862182617, "multi-label/precision_micro": 7.9628987312316895, "multi-label/recall_micro": 49.55094909667969, "multi-label/f1-score_micro": 13.720841407775879, "multi-label/mAP": 8.049665451049805, "data_time": 0.03206786124602608, "time": 0.055064481237660286, "step": 2}
{"base_lr": 5.0050000000000004e-05, "lr": 5.005e-06, "data_time": 0.054560494422912595, "grad_norm": 4.393560242652893, "loss": 4.434852576255798, "time": 0.07698237895965576, "epoch": 3, "iter": 270, "memory": 724, "step": 270}
{"multi-label/precision": 7.152403354644775, "multi-label/recall": 40.2121467590332, "multi-label/f1-score": 10.085138320922852, "multi-label/precision_micro": 8.526723861694336, "multi-label/recall_micro": 46.593223571777344, "multi-label/f1-score_micro": 14.41538143157959, "multi-label/mAP": 8.246431350708008, "data_time": 0.028355549211087433, "time": 0.051111197989919914, "step": 3}
{"base_lr": 7.502500000000001e-05, "lr": 7.5025e-06, "data_time": 0.07423357963562012, "grad_norm": 4.426815009117126, "loss": 4.3693077087402346, "time": 0.09775016307830811, "epoch": 4, "iter": 360, "memory": 724, "step": 360}
{"multi-label/precision": 8.047521591186523, "multi-label/recall": 35.689208984375, "multi-label/f1-score": 10.315973281860352, "multi-label/precision_micro": 9.289034843444824, "multi-label/recall_micro": 42.82122039794922, "multi-label/f1-score_micro": 15.266392707824707, "multi-label/mAP": 8.737859725952148, "data_time": 0.03339003479999045, "time": 0.056300974410513176, "step": 4}
{"base_lr": 0.00010000000000000002, "lr": 1e-05, "data_time": 0.057935333251953124, "grad_norm": 4.264642119407654, "loss": 3.8871073722839355, "time": 0.08118331432342529, "epoch": 5, "iter": 450, "memory": 724, "step": 450}
{"multi-label/precision": 8.701409339904785, "multi-label/recall": 33.08743667602539, "multi-label/f1-score": 10.806512832641602, "multi-label/precision_micro": 10.60403060913086, "multi-label/recall_micro": 41.70758056640625, "multi-label/f1-score_micro": 16.908998489379883, "multi-label/mAP": 9.599308967590332, "data_time": 0.02799446945605071, "time": 0.05236836879149727, "step": 5}
{"base_lr": 0.00010000000000000002, "lr": 1e-05, "data_time": 0.03597440719604492, "grad_norm": 5.496751308441162, "loss": 3.651456594467163, "time": 0.10008141994476319, "epoch": 6, "iter": 540, "memory": 5186, "step": 540}
{"multi-label/precision": 10.268707275390625, "multi-label/recall": 31.67331314086914, "multi-label/f1-score": 11.709922790527344, "multi-label/precision_micro": 12.613175392150879, "multi-label/recall_micro": 41.03700256347656, "multi-label/f1-score_micro": 19.29562759399414, "multi-label/mAP": 11.235395431518555, "data_time": 0.024312454721202022, "time": 0.050093425356823464, "step": 6}
{"base_lr": 9.999383568614031e-05, "lr": 9.999675562428437e-06, "data_time": 0.039418816566467285, "grad_norm": 5.67872462272644, "loss": 3.462281084060669, "time": 0.1006659746170044, "epoch": 7, "iter": 630, "memory": 5186, "step": 630}
{"multi-label/precision": 13.462331771850586, "multi-label/recall": 30.197620391845703, "multi-label/f1-score": 13.406764030456543, "multi-label/precision_micro": 15.455320358276367, "multi-label/recall_micro": 39.06119155883789, "multi-label/f1-score_micro": 22.147539138793945, "multi-label/mAP": 13.5177583694458, "data_time": 0.02302133259565934, "time": 0.047059808088385544, "step": 7}
{"base_lr": 9.997534434450922e-05, "lr": 9.998702333921538e-06, "data_time": 0.035031890869140624, "grad_norm": 5.712544727325439, "loss": 3.3813570022583006, "time": 0.09482223987579345, "epoch": 8, "iter": 720, "memory": 5186, "step": 720}
{"multi-label/precision": 16.845491409301758, "multi-label/recall": 27.729324340820312, "multi-label/f1-score": 14.734820365905762, "multi-label/precision_micro": 19.293514251708984, "multi-label/recall_micro": 35.97174072265625, "multi-label/f1-score_micro": 25.116008758544922, "multi-label/mAP": 16.32320213317871, "data_time": 0.026561747426572052, "time": 0.04791471750839897, "step": 8}
{"base_lr": 9.994453077453552e-05, "lr": 9.997080567080818e-06, "data_time": 0.03200361728668213, "grad_norm": 5.504884147644043, "loss": 2.935796117782593, "time": 0.09756975173950196, "epoch": 9, "iter": 810, "memory": 5186, "step": 810}
{"multi-label/precision": 21.38547134399414, "multi-label/recall": 26.72397232055664, "multi-label/f1-score": 16.901123046875, "multi-label/precision_micro": 25.248458862304688, "multi-label/recall_micro": 35.2891845703125, "multi-label/f1-score_micro": 29.436147689819336, "multi-label/mAP": 20.279369354248047, "data_time": 0.027668631595114002, "time": 0.04984416909839796, "step": 9}
{"base_lr": 9.990140297388307e-05, "lr": 9.994810682835951e-06, "data_time": 0.029234695434570312, "grad_norm": 5.5353675365448, "loss": 3.369968605041504, "time": 0.09500634670257568, "epoch": 10, "iter": 900, "memory": 5186, "step": 900}
{"multi-label/precision": 29.786334991455078, "multi-label/recall": 25.19765853881836, "multi-label/f1-score": 19.261547088623047, "multi-label/precision_micro": 32.635841369628906, "multi-label/recall_micro": 34.73835754394531, "multi-label/f1-score_micro": 33.654293060302734, "multi-label/mAP": 24.68951988220215, "data_time": 0.031474154928456184, "time": 0.05440066430879676, "step": 10}
{"base_lr": 9.984597213637498e-05, "lr": 9.991893270335526e-06, "data_time": 0.044286274909973146, "grad_norm": 5.466540431976318, "loss": 3.4318084716796875, "time": 0.1059560775756836, "epoch": 11, "iter": 990, "memory": 5186, "step": 990}
