{"lr": 5.0000000000000004e-08, "data_time": 0.00016417503356933594, "grad_norm": 47.163916015625, "loss": 14.28756275177002, "time": 0.04158985614776611, "epoch": 1, "iter": 90, "memory": 4866, "step": 90}
{"multi-label/precision": 7.367236137390137, "multi-label/recall": 50.35304260253906, "multi-label/f1-score": 11.13198471069336, "multi-label/precision_micro": 6.890164375305176, "multi-label/recall_micro": 49.8862419128418, "multi-label/f1-score_micro": 12.108001708984375, "multi-label/mAP": 7.257707595825195, "data_time": 0.003383246096935901, "time": 0.023194713906927424, "step": 1}
{"lr": 1.2537500000000002e-05, "data_time": 0.0001823902130126953, "grad_norm": 25.96582794189453, "loss": 8.016676759719848, "time": 0.038786911964416505, "epoch": 2, "iter": 180, "memory": 4866, "step": 180}
{"multi-label/precision": 42.989376068115234, "multi-label/recall": 4.728627681732178, "multi-label/f1-score": 6.983609676361084, "multi-label/precision_micro": 93.68635559082031, "multi-label/recall_micro": 16.524967193603516, "multi-label/f1-score_micro": 28.094463348388672, "multi-label/mAP": 31.37377166748047, "data_time": 0.002018863740174667, "time": 0.020134570805922798, "step": 2}
{"lr": 2.5025000000000002e-05, "data_time": 0.00017752647399902344, "grad_norm": 6.094197988510132, "loss": 3.779231309890747, "time": 0.03851995468139648, "epoch": 3, "iter": 270, "memory": 4866, "step": 270}
{"multi-label/precision": 46.497867584228516, "multi-label/recall": 17.13806915283203, "multi-label/f1-score": 22.7281551361084, "multi-label/precision_micro": 93.48975372314453, "multi-label/recall_micro": 33.876182556152344, "multi-label/f1-score_micro": 49.73191452026367, "multi-label/mAP": 62.3511962890625, "data_time": 0.002074785854505456, "time": 0.020907422770624576, "step": 3}
{"lr": 3.7512500000000004e-05, "data_time": 0.00019969940185546876, "grad_norm": 5.380643510818482, "loss": 2.8327298879623415, "time": 0.039057230949401854, "epoch": 4, "iter": 360, "memory": 4866, "step": 360}
{"multi-label/precision": 82.94624328613281, "multi-label/recall": 38.74261474609375, "multi-label/f1-score": 48.756160736083984, "multi-label/precision_micro": 94.06608581542969, "multi-label/recall_micro": 50.11376190185547, "multi-label/f1-score_micro": 65.39063262939453, "multi-label/mAP": 71.9579849243164, "data_time": 0.00213371929915055, "time": 0.021263306555540665, "step": 4}
{"lr": 5.000000000000001e-05, "data_time": 0.00017681121826171876, "grad_norm": 5.6595110416412355, "loss": 2.583524394035339, "time": 0.03871757984161377, "epoch": 5, "iter": 450, "memory": 4866, "step": 450}
{"multi-label/precision": 89.84114074707031, "multi-label/recall": 49.99767303466797, "multi-label/f1-score": 60.773597717285156, "multi-label/precision_micro": 92.68106079101562, "multi-label/recall_micro": 58.07687759399414, "multi-label/f1-score_micro": 71.40753936767578, "multi-label/mAP": 76.79080200195312, "data_time": 0.0021610052689262057, "time": 0.020188134649525517, "step": 5}
{"lr": 5.000000000000001e-05, "data_time": 0.00018701553344726562, "grad_norm": 5.949993371963501, "loss": 3.2304700374603272, "time": 0.03885669708251953, "epoch": 6, "iter": 540, "memory": 4866, "step": 540}
{"multi-label/precision": 89.34122467041016, "multi-label/recall": 52.79054641723633, "multi-label/f1-score": 63.933616638183594, "multi-label/precision_micro": 92.0669937133789, "multi-label/recall_micro": 59.89701843261719, "multi-label/f1-score_micro": 72.57689666748047, "multi-label/mAP": 78.51427459716797, "data_time": 0.002231833727463432, "time": 0.02290585766667905, "step": 6}
{"lr": 4.9987698290170845e-05, "data_time": 0.00018396377563476563, "grad_norm": 5.980777645111084, "loss": 2.4779142260551454, "time": 0.03905267715454101, "epoch": 7, "iter": 630, "memory": 4866, "step": 630}
{"multi-label/precision": 88.79280853271484, "multi-label/recall": 57.256690979003906, "multi-label/f1-score": 68.00962829589844, "multi-label/precision_micro": 92.052978515625, "multi-label/recall_micro": 63.249908447265625, "multi-label/f1-score_micro": 74.98047637939453, "multi-label/mAP": 80.0466079711914, "data_time": 0.001673548117927883, "time": 0.02214142550592837, "step": 7}
{"lr": 4.995080661242244e-05, "data_time": 0.00018174648284912108, "grad_norm": 6.111081743240357, "loss": 3.0845932722091676, "time": 0.039044976234436035, "epoch": 8, "iter": 720, "memory": 4866, "step": 720}
{"multi-label/precision": 89.01467895507812, "multi-label/recall": 58.07006072998047, "multi-label/f1-score": 68.8997573852539, "multi-label/precision_micro": 91.64097595214844, "multi-label/recall_micro": 64.0641860961914, "multi-label/f1-score_micro": 75.4105224609375, "multi-label/mAP": 80.67556762695312, "data_time": 0.0017809012661809506, "time": 0.022817412148351254, "step": 8}
{"lr": 4.988936530726277e-05, "data_time": 0.00018858909606933594, "grad_norm": 6.141449975967407, "loss": 2.4524405717849733, "time": 0.03927831649780274, "epoch": 9, "iter": 810, "memory": 4866, "step": 810}
{"multi-label/precision": 88.66871643066406, "multi-label/recall": 61.03975296020508, "multi-label/f1-score": 71.27967834472656, "multi-label/precision_micro": 91.21588134765625, "multi-label/recall_micro": 66.02802276611328, "multi-label/f1-score_micro": 76.6046142578125, "multi-label/mAP": 81.49040222167969, "data_time": 0.0017164375471032183, "time": 0.02283222778983738, "step": 9}
{"lr": 4.9803441559856954e-05, "data_time": 0.00020380020141601561, "grad_norm": 6.022852849960327, "loss": 2.2380982041358948, "time": 0.039208054542541504, "epoch": 10, "iter": 900, "memory": 4866, "step": 900}
{"multi-label/precision": 88.40235900878906, "multi-label/recall": 61.87409210205078, "multi-label/f1-score": 71.7630615234375, "multi-label/precision_micro": 90.88983154296875, "multi-label/recall_micro": 66.78241729736328, "multi-label/f1-score_micro": 76.99317169189453, "multi-label/mAP": 81.9043960571289, "data_time": 0.003561017305954643, "time": 0.022793977156929348, "step": 10}
{"lr": 4.969312932656127e-05, "data_time": 0.00018913745880126952, "grad_norm": 6.711377477645874, "loss": 2.7861813426017763, "time": 0.039166831970214845, "epoch": 11, "iter": 990, "memory": 4866, "step": 990}
{"multi-label/precision": 88.73942565917969, "multi-label/recall": 61.5732421875, "multi-label/f1-score": 71.81901550292969, "multi-label/precision_micro": 91.3165283203125, "multi-label/recall_micro": 66.36331176757812, "multi-label/f1-score_micro": 76.86547088623047, "multi-label/mAP": 81.98848724365234, "data_time": 0.001797385837720788, "time": 0.02033605782882027, "step": 11}
{"lr": 4.955854923218323e-05, "data_time": 0.00018029212951660157, "grad_norm": 6.2070817947387695, "loss": 2.3922739148139955, "time": 0.03913891315460205, "epoch": 12, "iter": 1080, "memory": 4866, "step": 1080}
{"multi-label/precision": 88.31089782714844, "multi-label/recall": 62.826568603515625, "multi-label/f1-score": 72.61271667480469, "multi-label/precision_micro": 90.94750213623047, "multi-label/recall_micro": 67.00994110107422, "multi-label/f1-score_micro": 77.1649169921875, "multi-label/mAP": 82.50617980957031, "data_time": 0.002205973086149796, "time": 0.021018481772878895, "step": 12}
{"lr": 4.939984843808015e-05, "data_time": 0.00018148422241210939, "grad_norm": 6.448226261138916, "loss": 2.253315770626068, "time": 0.03929603099822998, "epoch": 13, "iter": 1170, "memory": 4866, "step": 1170}
{"multi-label/precision": 89.11952209472656, "multi-label/recall": 62.20184326171875, "multi-label/f1-score": 72.30853271484375, "multi-label/precision_micro": 91.32561492919922, "multi-label/recall_micro": 67.06980895996094, "multi-label/f1-score_micro": 77.34051513671875, "multi-label/mAP": 82.70008087158203, "data_time": 0.0020965804224428925, "time": 0.022225530251212742, "step": 13}
{"lr": 4.921720048124036e-05, "data_time": 0.00018231868743896485, "grad_norm": 6.305673551559448, "loss": 2.0027302265167237, "time": 0.039379334449768065, "epoch": 14, "iter": 1260, "memory": 4866,