{"lr": 0.0003253506493506493, "data_time": 0.1659440279006958, "grad_norm": 7.975630354881287, "loss": 5.392605829238891, "time": 0.2290860652923584, "epoch": 1, "iter": 26, "memory": 2394, "step": 26}
{"multi-label/precision": 5.240666389465332, "multi-label/recall": 47.50592803955078, "multi-label/f1-score": 8.01224422454834, "multi-label/precision_micro": 6.743741035461426, "multi-label/recall_micro": 45.611305236816406, "multi-label/f1-score_micro": 11.750187873840332, "multi-label/mAP": 9.32042407989502, "data_time": 0.08787946517650898, "time": 0.1766908443891085, "step": 1}
{"lr": 0.000662675324675324, "data_time": 0.14046809673309327, "grad_norm": 3.184447455406189, "loss": 4.238807106018067, "time": 0.20435793399810792, "epoch": 2, "iter": 52, "memory": 2410, "step": 52}
{"multi-label/precision": 7.312648773193359, "multi-label/recall": 54.20280838012695, "multi-label/f1-score": 11.980949401855469, "multi-label/precision_micro": 8.206554412841797, "multi-label/recall_micro": 56.52017593383789, "multi-label/f1-score_micro": 14.332128524780273, "multi-label/mAP": 8.477394104003906, "data_time": 0.1179605766578957, "time": 0.19561850583111798, "step": 2}
{"lr": 0.0009999999999999985, "data_time": 0.18684694766998292, "grad_norm": 2.6293976068496705, "loss": 3.513047122955322, "time": 0.24851508140563966, "epoch": 3, "iter": 78, "memory": 2410, "step": 78}
{"multi-label/precision": 7.520294189453125, "multi-label/recall": 52.9940071105957, "multi-label/f1-score": 12.1670560836792, "multi-label/precision_micro": 8.413561820983887, "multi-label/recall_micro": 55.77775192260742, "multi-label/f1-score_micro": 14.621590614318848, "multi-label/mAP": 8.735404014587402, "data_time": 0.09439179632398817, "time": 0.17725014686584473, "step": 3}
{"lr": 0.0009999999999999985, "data_time": 0.19643430709838866, "grad_norm": 2.8129328012466432, "loss": 3.2194133520126345, "time": 0.2572347164154053, "epoch": 4, "iter": 104, "memory": 2410, "step": 104}
{"multi-label/precision": 7.895310401916504, "multi-label/recall": 52.4149055480957, "multi-label/f1-score": 12.640491485595703, "multi-label/precision_micro": 8.924445152282715, "multi-label/recall_micro": 55.96934509277344, "multi-label/f1-score_micro": 15.394242286682129, "multi-label/mAP": 9.406473159790039, "data_time": 0.09818856804459183, "time": 0.17626931049205638, "step": 4}
{"lr": 0.0009997380467382333, "data_time": 0.16776959896087645, "grad_norm": 2.570925235748291, "loss": 3.445670795440674, "time": 0.231089186668396, "epoch": 5, "iter": 130, "memory": 2410, "step": 130}
{"multi-label/precision": 8.454561233520508, "multi-label/recall": 51.94647216796875, "multi-label/f1-score": 13.27631950378418, "multi-label/precision_micro": 9.394674301147461, "multi-label/recall_micro": 55.214942932128906, "multi-label/f1-score_micro": 16.057249069213867, "multi-label/mAP": 10.350198745727539, "data_time": 0.1004034060019034, "time": 0.17933796070240163, "step": 5}
{"lr": 0.0009989524617057355, "data_time": 0.036116290092468264, "grad_norm": 3.9109732866287232, "loss": 3.5185775756835938, "time": 0.21768586635589598, "epoch": 6, "iter": 156, "memory": 17962, "step": 156}
{"multi-label/precision": 8.615450859069824, "multi-label/recall": 56.64569854736328, "multi-label/f1-score": 11.80109977722168, "multi-label/precision_micro": 7.077511310577393, "multi-label/recall_micro": 47.43144607543945, "multi-label/f1-score_micro": 12.317116737365723, "multi-label/mAP": 10.47037124633789, "data_time": 0.09639484794051559, "time": 0.16998812004371924, "step": 6}
{"lr": 0.0009976440688727222, "data_time": 0.04402837753295898, "grad_norm": 3.6769000053405763, "loss": 3.0227969884872437, "time": 0.22626187801361083, "epoch": 7, "iter": 182, "memory": 17962, "step": 182}
{"multi-label/precision": 8.455704689025879, "multi-label/recall": 53.0361213684082, "multi-label/f1-score": 11.273480415344238, "multi-label/precision_micro": 7.195739269256592, "multi-label/recall_micro": 42.71344757080078, "multi-label/f1-score_micro": 12.31656265258789, "multi-label/mAP": 10.47996997833252, "data_time": 0.08361656577498824, "time": 0.1630925249170374, "step": 7}
{"lr": 0.0009958142405625979, "data_time": 0.06362648010253906, "grad_norm": 3.584234666824341, "loss": 3.042196035385132, "time": 0.24484820365905763, "epoch": 8, "iter": 208, "memory": 17962, "step": 208}
{"multi-label/precision": 9.214421272277832, "multi-label/recall": 44.7813720703125, "multi-label/f1-score": 10.172072410583496, "multi-label/precision_micro": 6.685972213745117, "multi-label/recall_micro": 34.55873489379883, "multi-label/f1-score_micro": 11.204286575317383, "multi-label/mAP": 10.31216812133789, "data_time": 0.08646467879966453, "time": 0.16351273324754503, "step": 8}
{"lr": 0.0009934648960125767, "data_time": 0.0596238374710083, "grad_norm": 3.4895614862442015, "loss": 2.9699379563331605, "time": 0.24211771488189698, "epoch": 9, "iter": 234, "memory": 17962, "step": 234}
{"multi-label/precision": 10.184270858764648, "multi-label/recall": 40.61198043823242, "multi-label/f1-score": 10.83388900756836, "multi-label/precision_micro": 6.870068550109863, "multi-label/recall_micro": 31.38546371459961, "multi-label/f1-score_micro": 11.27263355255127, "multi-label/mAP": 10.440191268920898, "data_time": 0.08624357647365993, "time": 0.16866181514881276, "step": 9}
{"lr": 0.0009905984993606688, "data_time": 0.05218496322631836, "grad_norm": 3.222593832015991, "loss": 2.6759142160415648, "time": 0.23374612331390382, "epoch": 10, "iter": 260, "memory": 17962, "step": 260}
