{"lr": 0.00013964365256124726, "data_time": 0.00019249916076660156, "grad_norm": 5.871885824203491, "loss": 3.0599637746810915, "time": 0.041541647911071775, "epoch": 1, "iter": 90, "memory": 4866, "step": 90}
{"multi-label/precision": 82.38436126708984, "multi-label/recall": 38.021995544433594, "multi-label/f1-score": 46.851951599121094, "multi-label/precision_micro": 90.12605285644531, "multi-label/recall_micro": 51.371089935302734, "multi-label/f1-score_micro": 65.44123077392578, "multi-label/mAP": 70.37126159667969, "data_time": 0.0027973389887547754, "time": 0.021641327784611628, "step": 1}
{"lr": 0.00017973273942093577, "data_time": 0.0001888275146484375, "grad_norm": 5.79322566986084, "loss": 2.9124502778053283, "time": 0.03833105564117432, "epoch": 2, "iter": 180, "memory": 4866, "step": 180}
{"multi-label/precision": 88.54515838623047, "multi-label/recall": 52.44037628173828, "multi-label/f1-score": 62.65718460083008, "multi-label/precision_micro": 90.92076110839844, "multi-label/recall_micro": 59.35816192626953, "multi-label/f1-score_micro": 71.82495880126953, "multi-label/mAP": 77.08651733398438, "data_time": 0.0019905256188434105, "time": 0.021172305812006412, "step": 2}
{"lr": 0.00021982182628062412, "data_time": 0.00018835067749023438, "grad_norm": 5.901674556732178, "loss": 2.979710054397583, "time": 0.03814628124237061, "epoch": 3, "iter": 270, "memory": 4866, "step": 270}
{"multi-label/precision": 88.0180435180664, "multi-label/recall": 56.32770919799805, "multi-label/f1-score": 66.92399597167969, "multi-label/precision_micro": 90.59379577636719, "multi-label/recall_micro": 61.932701110839844, "multi-label/f1-score_micro": 73.5704116821289, "multi-label/mAP": 79.80357360839844, "data_time": 0.002342789069465969, "time": 0.0219173612801925, "step": 3}
{"lr": 0.00025991091314031285, "data_time": 0.0001962423324584961, "grad_norm": 6.249176645278931, "loss": 2.550622832775116, "time": 0.03853421211242676, "epoch": 4, "iter": 360, "memory": 4866, "step": 360}
{"multi-label/precision": 89.1673583984375, "multi-label/recall": 57.06072235107422, "multi-label/f1-score": 67.8609390258789, "multi-label/precision_micro": 91.9097900390625, "multi-label/recall_micro": 61.48964309692383, "multi-label/f1-score_micro": 73.68345642089844, "multi-label/mAP": 80.63629150390625, "data_time": 0.0016891697178716245, "time": 0.021579589532769245, "step": 4}
{"lr": 0.00030000000000000117, "data_time": 0.0001934051513671875, "grad_norm": 6.937825298309326, "loss": 3.2598522186279295, "time": 0.03837466239929199, "epoch": 5, "iter": 450, "memory": 4866, "step": 450}
{"multi-label/precision": 84.58846282958984, "multi-label/recall": 60.1593132019043, "multi-label/f1-score": 68.28282165527344, "multi-label/precision_micro": 86.67314910888672, "multi-label/recall_micro": 64.01628112792969, "multi-label/f1-score_micro": 73.64143371582031, "multi-label/mAP": 78.52812957763672, "data_time": 0.001972434313400932, "time": 0.022040351577427075, "step": 5}
{"lr": 0.00029992006812098906, "data_time": 0.00019152164459228515, "grad_norm": 6.502575826644898, "loss": 2.592667245864868, "time": 0.03835122585296631, "epoch": 6, "iter": 540, "memory": 4866, "step": 540}
{"multi-label/precision": 87.89681243896484, "multi-label/recall": 61.773468017578125, "multi-label/f1-score": 71.70599365234375, "multi-label/precision_micro": 90.32628631591797, "multi-label/recall_micro": 65.96814727783203, "multi-label/f1-score_micro": 76.24913787841797, "multi-label/mAP": 81.41297912597656, "data_time": 0.0017081369524416716, "time": 0.02008919612221096, "step": 6}
{"lr": 0.00029967675768328365, "data_time": 0.0001931428909301758, "grad_norm": 6.727145051956176, "loss": 2.6272170305252076, "time": 0.03868288993835449, "epoch": 7, "iter": 630, "memory": 4866, "step": 630}
{"multi-label/precision": 86.27690887451172, "multi-label/recall": 62.19872283935547, "multi-label/f1-score": 71.66992950439453, "multi-label/precision_micro": 88.46339416503906, "multi-label/recall_micro": 65.83642578125, "multi-label/f1-score_micro": 75.4908676147461, "multi-label/mAP": 81.29925537109375, "data_time": 0.0016527357308760934, "time": 0.02100435028905454, "step": 7}
{"lr": 0.00029927032465124287, "data_time": 0.00019195079803466797, "grad_norm": 6.736057472229004, "loss": 2.750217616558075, "time": 0.03870658874511719, "epoch": 8, "iter": 720, "memory": 4866, "step": 720}
{"multi-label/precision": 88.04342651367188, "multi-label/recall": 63.63602828979492, "multi-label/f1-score": 72.94864654541016, "multi-label/precision_micro": 89.0581283569336, "multi-label/recall_micro": 68.61454010009766, "multi-label/f1-score_micro": 77.51099395751953, "multi-label/mAP": 81.62609100341797, "data_time": 0.001768741918646771, "time": 0.021510435187298317, "step": 8}
{"lr": 0.00029870121345342004, "data_time": 0.00020594596862792968, "grad_norm": 6.451726055145263, "loss": 2.4388790845870973, "time": 0.03883745670318604, "epoch": 9, "iter": 810, "memory": 4866, "step": 810}
{"multi-label/precision": 88.27098083496094, "multi-label/recall": 60.95978927612305, "multi-label/f1-score": 70.26073455810547, "multi-label/precision_micro": 89.10028839111328, "multi-label/recall_micro": 66.17171478271484, "multi-label/f1-score_micro": 75.94310760498047, "multi-label/mAP": 81.54315948486328, "data_time": 0.0017353063044340713, "time": 0.021769458832948105, "step": 9}
{"lr": 0.00029797004640455397, "data_time": 0.0001900196075439453, "grad_norm": 6.6876226425170895, "loss": 2.867321085929871, "time": 0.03872392177581787, "epoch": 10, "iter": 900, "memory": 4866, "step": 900}
{"multi-label/precision": 86.23895263671875, "multi-label/recall": 62.31206130981445, "multi-label/f1-score": 71.71669006347656, "multi-label/precision_micro": 89.03028106689453, "multi-label/recall_micro": 66.1836929321289, "multi-label/f1-score_micro": 75.92554473876953, "multi-label/mAP": 80.60150146484375, "data_time": 0.001940310001373291, "time": 0.02268901596898618, "step": 10}
{"lr": 0.0002970776230250779, "data_time": 0.00019481182098388672, "grad_norm": 6.378085279464722, "loss": 2.5411168336868286, "time": 0.03882808685302734, "epoch": 11, "iter": 990, "memory": 4866, "step": 990}
{"multi-label/precision": 87.54861450195312, "multi-label/recall": 63.51539993286133, "multi-label/f1-score": 72.76567077636719, "multi-label/precision_micro": 89.10781860351562, "multi-label/recall_micro": 67.69249725341797, "multi-label/f1-score_micro": 76.93772888183594, "multi-label/mAP": 81.59967803955078, "data_time": 0.0016583307929660964, "time": 0.022416177003279976, "step": 11}
{"lr": 0.0002960249191668551, "data_time": 0.0001954793930053711, "grad_norm": 6.254139804840088, "loss": 2.038721668720245, "time": 0.03888580799102783, "epoch": 12, "iter": 1080, "memory": 4866, "step": 1080}
{"multi-label/precision": 86.35026550292969, "multi-label/recall": 64.39995574951172, "multi-label/f1-score": 73.22877502441406, "multi-label/precision_micro": 88.02450561523438, "multi-label/recall_micro": 68.830078125, "multi-label/f1-score_micro": 77.25286865234375, "multi-label/mAP": 81.625732421875, "data_time": 0.0020502805709838867, "time": 0.021721510783485744, "step": 12}
{"lr": 0.0002948130859460982, "data_time": 0.00018584728240966797, "grad_norm": 7.348111867904663, "loss": 2.1524528920650483, "time": 0.03887467384338379, "epoch": 13, "iter": 1170, "memory": 4866, "step": 1170}
{"multi-label/precision": 87.3823471069336, "multi-label/recall": 63.1507568359375, "multi-label/f1-score": 71.72977447509766, "multi-label/precision_micro": 88.57373046875, "multi-label/recall_micro": 65.8124771118164, "multi-label/f1-score_micro": 75.5152587890625, "multi-label/mAP": 81.29661560058594, "data_time": 0.0020498607469641643, "time": 0.020342990108158276, "step": 13}
{"lr": 0.0002934434484846429, "data_time": 0.00019445419311523438, "grad_norm": 6.217248868942261, "loss": 2.5115518093109133, "time": 0.03883404731750488, "epoch": 14, "iter": 1260, "memory": 4866,