{"lr": 0.03731163351416516, "data_time": 0.00226132869720459, "loss": 4.608731746673584, "time": 0.010200929641723634, "epoch": 1, "iter": 100, "memory": 178, "step": 100}
{"lr": 0.04133011854530846, "data_time": 0.002443408966064453, "loss": 4.530411434173584, "time": 0.010874032974243164, "epoch": 1, "iter": 200, "memory": 178, "step": 200}
{"lr": 0.045348603576451825, "data_time": 0.002427816390991211, "loss": 4.441613340377808, "time": 0.010410022735595704, "epoch": 1, "iter": 300, "memory": 178, "step": 300}
{"accuracy/top1": 1.9009504318237305, "accuracy/top5": 11.130565643310547, "data_time": 0.07414138816787812, "time": 0.08059223968825655, "step": 1}
{"lr": 0.050653003817561035, "data_time": 0.003053903579711914, "loss": 4.608570384979248, "time": 0.011120963096618652, "epoch": 2, "iter": 432, "memory": 178, "step": 432}
{"lr": 0.054671488848704416, "data_time": 0.0022021770477294923, "loss": 4.563184309005737, "time": 0.010564517974853516, "epoch": 2, "iter": 532, "memory": 178, "step": 532}
{"lr": 0.058689973879847666, "data_time": 0.002384448051452637, "loss": 4.629961776733398, "time": 0.010104155540466309, "epoch": 2, "iter": 632, "memory": 178, "step": 632}
{"accuracy/top1": 1.9009504318237305, "accuracy/top5": 9.004502296447754, "data_time": 0.008152022248222715, "time": 0.012729135297593615, "step": 2}
{"lr": 0.06399437412095683, "data_time": 0.00294342041015625, "loss": 4.597549390792847, "time": 0.010986852645874023, "epoch": 3, "iter": 764, "memory": 178, "step": 764}
{"lr": 0.06801285915210029, "data_time": 0.004158210754394531, "loss": 4.608569383621216, "time": 0.01207904815673828, "epoch": 3, "iter": 864, "memory": 178, "step": 864}
{"lr": 0.07203134418324363, "data_time": 0.003132796287536621, "loss": NaN, "time": 0.010734462738037109, "epoch": 3, "iter": 964, "memory": 178, "step": 964}
{"accuracy/top1": 0.0, "accuracy/top5": 0.0, "data_time": 0.00786450221425011, "time": 0.012666419858024233, "step": 3}
{"lr": 0.07733574442435306, "data_time": 0.0036377906799316406, "loss": NaN, "time": 0.011282825469970703, "epoch": 4, "iter": 1096, "memory": 178, "step": 1096}
{"lr": 0.08135422945549647, "data_time": 0.0037678956985473635, "loss": NaN, "time": 0.011620140075683594, "epoch": 4, "iter": 1196, "memory": 178, "step": 1196}
{"lr": 0.08537271448663993, "data_time": 0.003956818580627441, "loss": NaN, "time": 0.012180829048156738, "epoch": 4, "iter": 1296, "memory": 178, "step": 1296}
{"accuracy/top1": 0.0, "accuracy/top5": 0.0, "data_time": 0.007710929427828107, "time": 0.012907990387507848, "step": 4}
{"lr": 0.09067711472774932, "data_time": 0.003986549377441406, "loss": NaN, "time": 0.011960792541503906, "epoch": 5, "iter": 1428, "memory": 178, "step": 1428}
{"lr": 0.09469559975889279, "data_time": 0.0035240888595581056, "loss": NaN, "time": 0.010991168022155762, "epoch": 5, "iter": 1528, "memory": 178, "step": 1528}
{"lr": 0.09871408479003632, "data_time": 0.002617549896240234, "loss": NaN, "time": 0.011507725715637207, "epoch": 5, "iter": 1628, "memory": 178, "step": 1628}
{"accuracy/top1": 0.0, "accuracy/top5": 0.0, "data_time": 0.010019723858152117, "time": 0.015163464205605643, "step": 5}
{"lr": 0.09999756900958984, "data_time": 0.0028034210205078124, "loss": NaN, "time": 0.010556197166442871, "epoch": 6, "iter": 1760, "memory": 178, "step": 1760}
{"lr": 0.09999017781048936, "data_time": 0.0032316923141479494, "loss": NaN, "time": 0.011219429969787597, "epoch": 6, "iter": 1860, "memory": 178, "step": 1860}
{"lr": 0.099977826887974, "data_time": 0.0031622886657714845, "loss": NaN, "time": 0.011159873008728028, "epoch": 6, "iter": 1960, "memory": 178, "step": 1960}
{"accuracy/top1": 0.0, "accuracy/top5": 0.0, "data_time": 0.007564807222003029, "time": 0.013049382539022537, "step": 6}
{"lr": 0.09995393148490123, "data_time": 0.0028083086013793944, "loss": NaN, "time": 0.01051332950592041, "epoch": 7, "iter": 2092, "memory": 178, "step": 2092}
{"lr": 0.09993007955686642, "data_time": 0.0028462648391723634, "loss": NaN, "time": 0.010576653480529784, "epoch": 7, "iter": 2192, "memory": 178, "step": 2192}
{"lr": 0.09990127386800242, "data_time": 0.003511190414428711, "loss": NaN, "time": 0.011497163772583007, "epoch": 7, "iter": 2292, "memory": 178, "step": 2292}
{"accuracy/top1": 0.0, "accuracy/top5": 0.0, "data_time": 0.008695825224830991, "time": 0.013762376138142176, "step": 7}
{"lr": 0.09985567006955037, "data_time": 0.0038614988327026365, "loss": NaN, "time": 0.011748385429382325, "epoch": 8, "iter": 2424, "memory": 178, "step": 2424}
{"lr": 0.09981538349431439, "data_time": 0.0038632631301879885, "loss": NaN, "time": 0.011746978759765625, "epoch": 8, "iter": 2524, "memory": 178, "step": 2524}
{"lr": 0.09977015453769937, "data_time": 0.013113570213317872, "loss": NaN, "time": 0.02311673164367676, "epoch": 8, "iter": 2624, "memory": 178, "step": 2624}
{"accuracy/top1": 0.0, "accuracy/top5": 0.0, "data_time": 0.008094678322474161, "time": 0.012668741600854056, "step": 8}
{"lr": 0.09970289221095183, "data_time": 0.0031563997268676757, "loss": NaN, "time": 0.011071300506591797, "epoch": 9, "iter": 2756, "memory": 178, "step": 2756}
{"lr": 0.0996462150412931, "data_time": 0.0034868001937866213, "loss": NaN, "time": 0.012943792343139648, "epoch": 9, "iter": 2856, "memory": 178, "step": 2856}
{"lr": 0.0995846122741273, "data_time": 0.0034270524978637696, "loss": NaN, "time": 0.01143815517425537, "epoch": 9, "iter": 2956, "memory": 178, "step": 2956}
{"accuracy/top1": 0.0, "accuracy/top5": 0.0, "data_time": 0.010531118937901087, "time": 0.015958401418867566, "step": 9}
{"lr": 0.09949576496945114, "data_time": 0.0025922536849975588, "loss": NaN, "time": 0.010449838638305665, "epoch": 10, "iter": 3088, "memory": 178, "step": 3088}
{"lr": 0.09942275918102256, "data_time": 0.002788949012756348, "loss": NaN, "time": 0.010877680778503419, "epoch": 10, "iter": 3188, "memory": 178, "step": 3188}
{"lr": 0.09934484996502731, "data_time": 0.002667665481567383, "loss": NaN, "time": 0.010434460639953614, "epoch": 10, "iter": 3288, "memory": 178, "step": 3288}
{"accuracy/top1": 0.0, "accuracy/top5": 0.0, "data_time": 0.009224122478848412, "time": 0.014416759922390892, "step": 10}
{"lr": 0.09923451483564584, "data_time": 0.003192901611328125, "loss": NaN, "time": 0.011126112937927247, "epoch": 11, "iter": 3420, "memory": 178, "step": 3420}
