{"lr": 5.0000000000000004e-08, "data_time": 0.00016727447509765626, "grad_norm": 46.85398902893066, "loss": 14.08218069076538, "time": 0.041694259643554686, "epoch": 1, "iter": 90, "memory": 4866, "step": 90}
{"multi-label/precision": 8.564424514770508, "multi-label/recall": 54.17277908325195, "multi-label/f1-score": 10.752098083496094, "multi-label/precision_micro": 6.516633033752441, "multi-label/recall_micro": 44.52161407470703, "multi-label/f1-score_micro": 11.369160652160645, "multi-label/mAP": 9.314323425292969, "data_time": 0.002577828836965037, "time": 0.02116517444233318, "step": 1}
{"lr": 1.2537500000000002e-05, "data_time": 0.00018537044525146484, "grad_norm": 25.735896492004393, "loss": 7.917242574691772, "time": 0.038441944122314456, "epoch": 2, "iter": 180, "memory": 4866, "step": 180}
{"multi-label/precision": 38.825016021728516, "multi-label/recall": 8.73411750793457, "multi-label/f1-score": 12.386906623840332, "multi-label/precision_micro": 87.64857482910156, "multi-label/recall_micro": 20.308944702148438, "multi-label/f1-score_micro": 32.97686004638672, "multi-label/mAP": 35.18408966064453, "data_time": 0.0018126238947329314, "time": 0.020826189414314602, "step": 2}
{"lr": 2.5025000000000002e-05, "data_time": 0.00019080638885498046, "grad_norm": 6.334663724899292, "loss": 3.7557318925857546, "time": 0.038617300987243655, "epoch": 3, "iter": 270, "memory": 4866, "step": 270}
{"multi-label/precision": 41.53826141357422, "multi-label/recall": 15.74500560760498, "multi-label/f1-score": 20.49275779724121, "multi-label/precision_micro": 92.5315170288086, "multi-label/recall_micro": 34.27134323120117, "multi-label/f1-score_micro": 50.01747512817383, "multi-label/mAP": 62.19180679321289, "data_time": 0.0018076870752417524, "time": 0.0212782621383667, "step": 3}
{"lr": 3.7512500000000004e-05, "data_time": 0.00018115043640136718, "grad_norm": 5.539540195465088, "loss": 3.3746511459350588, "time": 0.03868305683135986, "epoch": 4, "iter": 360, "memory": 4866, "step": 360}
{"multi-label/precision": 82.59403228759766, "multi-label/recall": 37.669700622558594, "multi-label/f1-score": 46.3831787109375, "multi-label/precision_micro": 90.9148941040039, "multi-label/recall_micro": 51.16752243041992, "multi-label/f1-score_micro": 65.4815673828125, "multi-label/mAP": 71.60250854492188, "data_time": 0.0018886379573656166, "time": 0.02264469343682994, "step": 4}
{"lr": 5.000000000000001e-05, "data_time": 0.00018126964569091796, "grad_norm": 5.6694248676300045, "loss": 2.693378674983978, "time": 0.038560128211975096, "epoch": 5, "iter": 450, "memory": 4866, "step": 450}
{"multi-label/precision": 90.89083099365234, "multi-label/recall": 49.47783279418945, "multi-label/f1-score": 60.292694091796875, "multi-label/precision_micro": 93.09217071533203, "multi-label/recall_micro": 57.93318176269531, "multi-label/f1-score_micro": 71.42012786865234, "multi-label/mAP": 76.93091583251953, "data_time": 0.00231899645017541, "time": 0.022765087044757347, "step": 5}
{"lr": 5.000000000000001e-05, "data_time": 0.00018658638000488282, "grad_norm": 5.797518634796143, "loss": 2.9926074743270874, "time": 0.03879811763763428, "epoch": 6, "iter": 540, "memory": 4866, "step": 540}
{"multi-label/precision": 87.18572235107422, "multi-label/recall": 54.82682418823242, "multi-label/f1-score": 65.07740783691406, "multi-label/precision_micro": 91.87454986572266, "multi-label/recall_micro": 61.74110794067383, "multi-label/f1-score_micro": 73.8523178100586, "multi-label/mAP": 78.77185821533203, "data_time": 0.0021293448365252952, "time": 0.022612522477688995, "step": 6}
{"lr": 5.000000000000001e-05, "data_time": 0.00018460750579833983, "grad_norm": 6.054528999328613, "loss": 2.5489906430244447, "time": 0.038964581489562986, "epoch": 7, "iter": 630, "memory": 4866, "step": 630}
{"multi-label/precision": 88.5901870727539, "multi-label/recall": 57.20568084716797, "multi-label/f1-score": 67.69298553466797, "multi-label/precision_micro": 91.10350799560547, "multi-label/recall_micro": 63.76481628417969, "multi-label/f1-score_micro": 75.02113342285156, "multi-label/mAP": 79.90936279296875, "data_time": 0.0018490501072095788, "time": 0.023522009020266327, "step": 7}
{"lr": 5.000000000000001e-05, "data_time": 0.00018215179443359375, "grad_norm": 6.273150062561035, "loss": 2.745887351036072, "time": 0.038759374618530275, "epoch": 8, "iter": 720, "memory": 4866, "step": 720}
{"multi-label/precision": 88.05037689208984, "multi-label/recall": 60.3509407043457, "multi-label/f1-score": 70.49666595458984, "multi-label/precision_micro": 91.21666717529297, "multi-label/recall_micro": 65.53705596923828, "multi-label/f1-score_micro": 76.27342987060547, "multi-label/mAP": 80.99212646484375, "data_time": 0.0019335694935010827, "time": 0.022013446559076725, "step": 8}
{"lr": 5.000000000000001e-05, "data_time": 0.0001768827438354492, "grad_norm": 5.977924776077271, "loss": 3.12506160736084, "time": 0.03879725933074951, "epoch": 9, "iter": 810, "memory": 4866, "step": 810}
{"multi-label/precision": 88.69579315185547, "multi-label/recall": 60.53507614135742, "multi-label/f1-score": 70.91709899902344, "multi-label/precision_micro": 91.51007080078125, "multi-label/recall_micro": 65.30953979492188, "multi-label/f1-score_micro": 76.22108459472656, "multi-label/mAP": 81.7376708984375, "data_time": 0.0016185719033946161, "time": 0.022143522034520687, "step": 9}
{"lr": 5.000000000000001e-05, "data_time": 0.0001864910125732422, "grad_norm": 6.620185279846192, "loss": 2.9001132607460023, "time": 0.03887407779693604, "epoch": 10, "iter": 900, "memory": 4866, "step": 900}
{"multi-label/precision": 88.085205078125, "multi-label/recall": 61.44690704345703, "multi-label/f1-score": 71.3885498046875, "multi-label/precision_micro": 91.0482177734375, "multi-label/recall_micro": 66.25553894042969, "multi-label/f1-score_micro": 76.69808959960938, "multi-label/mAP": 81.87266540527344, "data_time": 0.001720589140187139, "time": 0.021925203178239906, "step": 10}
{"lr": 5.000000000000001e-05, "data_time": 0.00018253326416015626, "grad_norm": 6.423688459396362, "loss": 2.3183494925498964, "time": 0.038923788070678714, "epoch": 11, "iter": 990, "memory": 4866, "step": 990}
{"multi-label/precision": 88.59052276611328, "multi-label/recall": 63.2850341796875, "multi-label/f1-score": 72.80138397216797, "multi-label/precision_micro": 91.25120544433594, "multi-label/recall_micro": 67.94396209716797, "multi-label/f1-score_micro": 77.89141845703125, "multi-label/mAP": 82.6717758178711, "data_time": 0.0019726908725240955, "time": 0.02042150756587153, "step": 11}
{"lr": 5.000000000000001e-05, "data_time": 0.00017507076263427733, "grad_norm": 6.602234554290772, "loss": 2.672417771816254, "time": 0.03884260654449463, "epoch": 12, "iter": 1080, "memory": 4866, "step": 1080}
{"multi-label/precision": 88.42159271240234, "multi-label/recall": 63.8636474609375, "multi-label/f1-score": 73.48492431640625, "multi-label/precision_micro": 91.24820709228516, "multi-label/recall_micro": 68.54268646240234, "multi-label/f1-score_micro": 78.28227996826172, "multi-label/mAP": 82.79446411132812, "data_time": 0.0023686367532481318, "time": 0.021806431853252907, "step": 12}
{"lr": 5.000000000000001e-05, "data_time": 0.00017790794372558595, "grad_norm": 6.949449062347412, "loss": 2.690619611740112, "time": 0.03887028694152832, "epoch": 13, "iter": 1170, "memory": 4866, "step": 1170}
{"multi-label/precision": 88.5436019897461, "multi-label/recall": 63.99895095825195, "multi-label/f1-score": 73.56839752197266, "multi-label/precision_micro": 91.36378479003906, "multi-label/recall_micro": 68.02778625488281, "multi-label/f1-score_micro": 77.98751068115234, "multi-label/mAP": 83.02978515625, "data_time": 0.001711954241213591, "time": 0.020918472953464672, "step": 13}
{"lr": 5.000000000000001e-05, "data_time": 0.00018491744995117188, "grad_norm": 6.598077297210693, "loss": 2.6017632484436035, "time": 0.03902099132537842, "epoch": 14, "iter": 1260, "memory": 4866,