{"lr": 5.0000000000000004e-08, "data_time": 0.0001739978790283203, "grad_norm": 46.054334259033205, "loss": 13.983740139007569, "time": 0.04189631938934326, "epoch": 1, "iter": 90, "memory": 4866, "step": 90}
{"multi-label/precision": 7.906231880187988, "multi-label/recall": 47.469303131103516, "multi-label/f1-score": 11.850940704345703, "multi-label/precision_micro": 8.034149169921875, "multi-label/recall_micro": 50.4849739074707, "multi-label/f1-score_micro": 13.862265586853027, "multi-label/mAP": 8.265656471252441, "data_time": 0.0029066054375617057, "time": 0.022031747377835788, "step": 1}
{"lr": 1.2537500000000002e-05, "data_time": 0.00017473697662353515, "grad_norm": 25.04984645843506, "loss": 7.857259607315063, "time": 0.03848555088043213, "epoch": 2, "iter": 180, "memory": 4866, "step": 180}
{"multi-label/precision": 46.1192626953125, "multi-label/recall": 5.812212944030762, "multi-label/f1-score": 8.605615615844727, "multi-label/precision_micro": 91.76870727539062, "multi-label/recall_micro": 16.15375518798828, "multi-label/f1-score_micro": 27.471744537353516, "multi-label/mAP": 35.193824768066406, "data_time": 0.001828691233759341, "time": 0.02049416044484014, "step": 2}
{"lr": 2.5025000000000002e-05, "data_time": 0.00017919540405273438, "grad_norm": 5.883305597305298, "loss": 3.734539270401001, "time": 0.03867297172546387, "epoch": 3, "iter": 270, "memory": 4866, "step": 270}
{"multi-label/precision": 56.9044075012207, "multi-label/recall": 17.151227951049805, "multi-label/f1-score": 22.678091049194336, "multi-label/precision_micro": 94.22118377685547, "multi-label/recall_micro": 33.971981048583984, "multi-label/f1-score_micro": 49.93839645385742, "multi-label/mAP": 63.37165832519531, "data_time": 0.0016781765481700068, "time": 0.020353682663129723, "step": 3}
{"lr": 3.7512500000000004e-05, "data_time": 0.00019018650054931642, "grad_norm": 5.512446737289428, "loss": 3.1569916248321532, "time": 0.03885915279388428, "epoch": 4, "iter": 360, "memory": 4866, "step": 360}
{"multi-label/precision": 83.29895782470703, "multi-label/recall": 39.54917526245117, "multi-label/f1-score": 48.52712631225586, "multi-label/precision_micro": 91.07852935791016, "multi-label/recall_micro": 52.077598571777344, "multi-label/f1-score_micro": 66.26542663574219, "multi-label/mAP": 72.21868896484375, "data_time": 0.001687373804009479, "time": 0.02192115006239518, "step": 4}
{"lr": 5.000000000000001e-05, "data_time": 0.00018608570098876953, "grad_norm": 5.801602602005005, "loss": 2.8001001834869386, "time": 0.03903956413269043, "epoch": 5, "iter": 450, "memory": 4866, "step": 450}
{"multi-label/precision": 90.16444396972656, "multi-label/recall": 50.16755676269531, "multi-label/f1-score": 60.95917510986328, "multi-label/precision_micro": 92.60179138183594, "multi-label/recall_micro": 58.005027770996094, "multi-label/f1-score_micro": 71.32970428466797, "multi-label/mAP": 76.61425018310547, "data_time": 0.0016553039136140244, "time": 0.022151555704033894, "step": 5}
{"lr": 5.000000000000001e-05, "data_time": 0.00017580986022949218, "grad_norm": 6.197969722747803, "loss": 2.758820676803589, "time": 0.03872206211090088, "epoch": 6, "iter": 540, "memory": 4866, "step": 540}
{"multi-label/precision": 88.26441192626953, "multi-label/recall": 53.784034729003906, "multi-label/f1-score": 64.15524291992188, "multi-label/precision_micro": 91.6103744506836, "multi-label/recall_micro": 61.717159271240234, "multi-label/f1-score_micro": 73.7497329711914, "multi-label/mAP": 78.5258560180664, "data_time": 0.0018266776333684506, "time": 0.02275450333305027, "step": 6}
{"lr": 4.9987698290170845e-05, "data_time": 0.00018124580383300782, "grad_norm": 5.965627288818359, "loss": 2.4416059613227845, "time": 0.038881993293762206, "epoch": 7, "iter": 630, "memory": 4866, "step": 630}
{"multi-label/precision": 89.43293762207031, "multi-label/recall": 57.400596618652344, "multi-label/f1-score": 67.98958587646484, "multi-label/precision_micro": 91.6080322265625, "multi-label/recall_micro": 63.92048645019531, "multi-label/f1-score_micro": 75.29975891113281, "multi-label/mAP": 80.15594482421875, "data_time": 0.0018766081851461659, "time": 0.02292301602985548, "step": 7}
{"lr": 4.995080661242244e-05, "data_time": 0.00024263858795166017, "grad_norm": 6.061397218704224, "loss": 2.5355019688606264, "time": 0.039911293983459474, "epoch": 8, "iter": 720, "memory": 4866, "step": 720}
{"multi-label/precision": 90.07231903076172, "multi-label/recall": 57.21503829956055, "multi-label/f1-score": 68.60285949707031, "multi-label/precision_micro": 92.74547576904297, "multi-label/recall_micro": 63.22595977783203, "multi-label/f1-score_micro": 75.19225311279297, "multi-label/mAP": 80.78246307373047, "data_time": 0.002115101917930271, "time": 0.02244387502255647, "step": 8}
{"lr": 4.988936530726277e-05, "data_time": 0.00018496513366699218, "grad_norm": 6.337054204940796, "loss": 2.3395886063575744, "time": 0.03891587257385254, "epoch": 9, "iter": 810, "memory": 4866, "step": 810}
{"multi-label/precision": 89.42090606689453, "multi-label/recall": 59.6198844909668, "multi-label/f1-score": 70.18305969238281, "multi-label/precision_micro": 91.74928283691406, "multi-label/recall_micro": 65.38139343261719, "multi-label/f1-score_micro": 76.35295867919922, "multi-label/mAP": 81.56830596923828, "data_time": 0.0019194120946137802, "time": 0.02258469229159148, "step": 9}
{"lr": 4.9803441559856954e-05, "data_time": 0.00017845630645751953, "grad_norm": 6.187962245941162, "loss": 2.328426730632782, "time": 0.03893833160400391, "epoch": 10, "iter": 900, "memory": 4866, "step": 900}
{"multi-label/precision": 89.06600189208984, "multi-label/recall": 61.538047790527344, "multi-label/f1-score": 71.9004898071289, "multi-label/precision_micro": 91.8704605102539, "multi-label/recall_micro": 66.57884979248047, "multi-label/f1-score_micro": 77.20613098144531, "multi-label/mAP": 82.0345687866211, "data_time": 0.0018023433892623239, "time": 0.02318186863608982, "step": 10}
{"lr": 4.969312932656127e-05, "data_time": 0.00018568038940429686, "grad_norm": 6.299018669128418, "loss": 2.6789087057113647, "time": 0.03903648853302002, "epoch": 11, "iter": 990, "memory": 4866, "step": 990}
{"multi-label/precision": 88.14691162109375, "multi-label/recall": 63.22844314575195, "multi-label/f1-score": 72.87794494628906, "multi-label/precision_micro": 91.30435180664062, "multi-label/recall_micro": 66.89019012451172, "multi-label/f1-score_micro": 77.21334838867188, "multi-label/mAP": 82.42667388916016, "data_time": 0.0017154994218245797, "time": 0.022621932237044624, "step": 11}
{"lr": 4.955854923218323e-05, "data_time": 0.00017681121826171876, "grad_norm": 6.206201410293579, "loss": 2.201788914203644, "time": 0.03915417194366455, "epoch": 12, "iter": 1080, "memory": 4866, "step": 1080}
{"multi-label/precision": 87.8696060180664, "multi-label/recall": 64.07777404785156, "multi-label/f1-score": 73.45223236083984, "multi-label/precision_micro": 90.60370635986328, "multi-label/recall_micro": 68.47084045410156, "multi-label/f1-score_micro": 77.9975357055664, "multi-label/mAP": 82.71807098388672, "data_time": 0.0017116121623827064, "time": 0.0213447990624801, "step": 12}
{"lr": 4.939984843808015e-05, "data_time": 0.00018727779388427734, "grad_norm": 6.568702459335327, "loss": 2.46754230260849, "time": 0.03917109966278076, "epoch": 13, "iter": 1170, "memory": 4866, "step": 1170}
{"multi-label/precision": 88.75001525878906, "multi-label/recall": 63.471961975097656, "multi-label/f1-score": 73.24327850341797, "multi-label/precision_micro": 91.56331634521484, "multi-label/recall_micro": 67.18955993652344, "multi-label/f1-score_micro": 77.50536346435547, "multi-label/mAP": 83.0705795288086, "data_time": 0.0017902877019799273, "time": 0.02058021659436433, "step": 13}
{"lr": 4.921720048124036e-05, "data_time": 0.0001972198486328125, "grad_norm": 6.716620206832886, "loss": 2.579059588909149, "time": 0.03917617797851562, "epoch": 14, "iter": 1260, "memory": 4866,