{"base_lr": 9.297658862876257e-05, "lr": 9.297658862876257e-05, "data_time": 0.0013089895248413086, "grad_norm": 4.440495920181275, "loss": 4.710937261581421, "time": 0.6169530153274536, "epoch": 1, "iter": 60, "memory": 21961, "step": 60}
{"multi-label/precision": 0.0, "multi-label/recall": 0.0, "multi-label/f1-score": 0.0, "multi-label/precision_micro": 0.0, "multi-label/recall_micro": 0.0, "multi-label/f1-score_micro": 0.0, "multi-label/mAP": 11.004080772399902, "data_time": 0.006044790393016378, "time": 0.23801311899404057, "step": 1}
{"base_lr": 0.00011973244147157204, "lr": 0.00011973244147157204, "data_time": 0.0012198448181152343, "grad_norm": 4.2057445526123045, "loss": 4.61409969329834, "time": 0.6237227916717529, "epoch": 2, "iter": 120, "memory": 21961, "step": 120}
{"multi-label/precision": 2.058823585510254, "multi-label/recall": 0.016722407191991806, "multi-label/f1-score": 0.033175352960824966, "multi-label/precision_micro": 41.17647171020508, "multi-label/recall_micro": 0.08382229506969452, "multi-label/f1-score_micro": 0.16730400919914246, "multi-label/mAP": 11.72799301147461, "data_time": 0.0042010353457543155, "time": 0.23467236565005395, "step": 2}
{"base_lr": 0.00014648829431438136, "lr": 0.00014648829431438136, "data_time": 0.0012897491455078126, "grad_norm": 4.752020001411438, "loss": 4.748442697525024, "time": 0.6221801280975342, "epoch": 3, "iter": 180, "memory": 21961, "step": 180}
