{"lr": 0.00013946488294314382, "data_time": 0.00027251243591308594, "grad_norm": 14.851087188720703, "loss": 3.8420316219329833, "time": 0.4961944818496704, "epoch": 1, "iter": 60, "memory": 13180, "step": 60}
{"multi-label/precision": 50.30841064453125, "multi-label/recall": 15.330842971801758, "multi-label/f1-score": 18.912391662597656, "multi-label/precision_micro": 60.05377960205078, "multi-label/recall_micro": 24.068973541259766, "multi-label/f1-score_micro": 34.36484909057617, "multi-label/mAP": 36.293392181396484, "data_time": 0.006203088604035924, "time": 0.19067994492952942, "step": 1}
{"lr": 0.00017959866220735804, "data_time": 0.00027489662170410156, "grad_norm": 13.584953594207764, "loss": 3.211957859992981, "time": 0.5239859104156495, "epoch": 2, "iter": 120, "memory": 13180, "step": 120}
{"multi-label/precision": 68.27029418945312, "multi-label/recall": 28.48882484436035, "multi-label/f1-score": 33.94927215576172, "multi-label/precision_micro": 69.68529510498047, "multi-label/recall_micro": 38.97736740112305, "multi-label/f1-score_micro": 49.99232482910156, "multi-label/mAP": 49.79682922363281, "data_time": 0.004517609073269752, "time": 0.19455515953802294, "step": 2}
{"lr": 0.00021973244147157207, "data_time": 0.0003094196319580078, "grad_norm": 12.299989223480225, "loss": 3.0719857692718504, "time": 0.5181520700454711, "epoch": 3, "iter": 180, "memory": 13180, "step": 180}
{"multi-label/precision": 68.18492126464844, "multi-label/recall": 29.31772232055664, "multi-label/f1-score": 34.456520080566406, "multi-label/precision_micro": 70.45942687988281, "multi-label/recall_micro": 39.300682067871094, "multi-label/f1-score_micro": 50.457374572753906, "multi-label/mAP": 54.55851745605469, "data_time": 0.004259324842883694, "time": 0.19262841440016223, "step": 3}
{"lr": 0.0002598662207357862, "data_time": 0.0003258228302001953, "grad_norm": 13.095642185211181, "loss": 2.868820309638977, "time": 0.5169842958450317, "epoch": 4, "iter": 240, "memory": 13180, "step": 240}
{"multi-label/precision": 69.70989990234375, "multi-label/recall": 36.657127380371094, "multi-label/f1-score": 44.742431640625, "multi-label/precision_micro": 75.31734466552734, "multi-label/recall_micro": 44.761104583740234, "multi-label/f1-score_micro": 56.15142059326172, "multi-label/mAP": 57.217933654785156, "data_time": 0.0045355327667728545, "time": 0.19352784848982288, "step": 4}
{"lr": 0.00030000000000000035, "data_time": 0.00030059814453125, "grad_norm": 12.19515380859375, "loss": 2.780381178855896, "time": 0.518141794204712, "epoch": 5, "iter": 300, "memory": 13180, "step": 300}
{"multi-label/precision": 70.09827423095703, "multi-label/recall": 31.392236709594727, "multi-label/f1-score": 37.352638244628906, "multi-label/precision_micro": 65.85934448242188, "multi-label/recall_micro": 43.95880889892578, "multi-label/f1-score_micro": 52.72531509399414, "multi-label/mAP": 53.441429138183594, "data_time": 0.0043159492554203155, "time": 0.19205843633221042, "step": 5}
{"lr": 0.0002999206992945993, "data_time": 0.0003080606460571289, "grad_norm": 12.015986442565918, "loss": 2.6733290195465087, "time": 0.5181463718414306, "epoch": 6, "iter": 360, "memory": 13180, "step": 360}
{"multi-label/precision": 60.042877197265625, "multi-label/recall": 45.880271911621094, "multi-label/f1-score": 49.20919418334961, "multi-label/precision_micro": 64.26409149169922, "multi-label/recall_micro": 53.38282775878906, "multi-label/f1-score_micro": 58.32025146484375, "multi-label/mAP": 55.52205276489258, "data_time": 0.004524557821212276, "time": 0.19398633895381803, "step": 6}
{"lr": 0.0002996774852886527, "data_time": 0.00031185150146484375, "grad_norm": 11.112614345550536, "loss": 2.495803189277649, "time": 0.5185295343399048, "epoch": 7, "iter": 420, "memory": 13180, "step": 420}
{"multi-label/precision": 63.218894958496094, "multi-label/recall": 42.7756233215332, "multi-label/f1-score": 47.241607666015625, "multi-label/precision_micro": 64.20709991455078, "multi-label/recall_micro": 49.59885025024414, "multi-label/f1-score_micro": 55.96540832519531, "multi-label/mAP": 55.61796569824219, "data_time": 0.0031005874756843813, "time": 0.19218980496929539, "step": 7}
{"lr": 0.00029927060115008606, "data_time": 0.00029995441436767576, "grad_norm": 11.939942836761475, "loss": 2.300111484527588, "time": 0.5180466651916504, "epoch": 8, "iter": 480, "memory": 13180, "step": 480}
{"multi-label/precision": 63.39704513549805, "multi-label/recall": 43.61241912841797, "multi-label/f1-score": 48.24806213378906, "multi-label/precision_micro": 64.51912689208984, "multi-label/recall_micro": 49.8862419128418, "multi-label/f1-score_micro": 56.266883850097656, "multi-label/mAP": 56.131805419921875, "data_time": 0.004390524279686713, "time": 0.19335694082321658, "step": 8}
