{"base_lr": 1.0000000000000001e-07, "lr": 1e-08, "data_time": 0.08092360496520996, "grad_norm": 45.96733360290527, "loss": 14.061158561706543, "time": 0.10626897811889649, "epoch": 1, "iter": 90, "memory": 708, "step": 90}
{"multi-label/precision": 6.6955413818359375, "multi-label/recall": 46.43472671508789, "multi-label/f1-score": 9.478494644165039, "multi-label/precision_micro": 5.92384147644043, "multi-label/recall_micro": 39.82756423950195, "multi-label/f1-score_micro": 10.313658714294434, "multi-label/mAP": 7.050019264221191, "data_time": 0.030308802049238602, "time": 0.05412632030445141, "step": 1}
{"base_lr": 2.5075000000000003e-05, "lr": 2.5075e-06, "data_time": 0.07658150196075439, "grad_norm": 11.174094676971436, "loss": 5.8403064727783205, "time": 0.09899203777313233, "epoch": 2, "iter": 180, "memory": 724, "step": 180}
{"multi-label/precision": 6.552274227142334, "multi-label/recall": 43.94947052001953, "multi-label/f1-score": 9.169086456298828, "multi-label/precision_micro": 5.891216278076172, "multi-label/recall_micro": 37.92360305786133, "multi-label/f1-score_micro": 10.198200225830078, "multi-label/mAP": 7.034855842590332, "data_time": 0.032029732413913894, "time": 0.054651454738948654, "step": 2}
{"base_lr": 5.0050000000000004e-05, "lr": 5.005e-06, "data_time": 0.07016236782073974, "grad_norm": 4.794035387039185, "loss": 4.477710485458374, "time": 0.09404029846191406, "epoch": 3, "iter": 270, "memory": 724, "step": 270}
{"multi-label/precision": 6.114968299865723, "multi-label/recall": 38.25794219970703, "multi-label/f1-score": 8.585983276367188, "multi-label/precision_micro": 5.9561991691589355, "multi-label/recall_micro": 33.57681655883789, "multi-label/f1-score_micro": 10.117629051208496, "multi-label/mAP": 7.098642826080322, "data_time": 0.031071455582328465, "time": 0.055908262729644775, "step": 3}
{"base_lr": 7.502500000000001e-05, "lr": 7.5025e-06, "data_time": 0.07596204280853272, "grad_norm": 4.756557822227478, "loss": 3.9496684312820434, "time": 0.09889285564422608, "epoch": 4, "iter": 360, "memory": 724, "step": 360}
{"multi-label/precision": 6.554997444152832, "multi-label/recall": 34.55728530883789, "multi-label/f1-score": 8.592691421508789, "multi-label/precision_micro": 6.300722599029541, "multi-label/recall_micro": 30.6789608001709, "multi-label/f1-score_micro": 10.454368591308594, "multi-label/mAP": 7.470027923583984, "data_time": 0.033137419949407165, "time": 0.055991092453832214, "step": 4}
{"base_lr": 0.00010000000000000002, "lr": 1e-05, "data_time": 0.07953574657440185, "grad_norm": 4.622192335128784, "loss": 3.5238491773605345, "time": 0.10121340751647949, "epoch": 5, "iter": 450, "memory": 724, "step": 450}
{"multi-label/precision": 7.503720283508301, "multi-label/recall": 31.451913833618164, "multi-label/f1-score": 9.020787239074707, "multi-label/precision_micro": 7.0356011390686035, "multi-label/recall_micro": 28.894742965698242, "multi-label/f1-score_micro": 11.315888404846191, "multi-label/mAP": 8.19119930267334, "data_time": 0.03068234091219695, "time": 0.0536566946817481, "step": 5}
{"base_lr": 0.00010000000000000002, "lr": 1e-05, "data_time": 0.017335009574890137, "grad_norm": 6.198012733459473, "loss": 3.0916934251785277, "time": 0.08676028251647949, "epoch": 6, "iter": 540, "memory": 5186, "step": 540}
{"multi-label/precision": 8.905226707458496, "multi-label/recall": 30.04009437561035, "multi-label/f1-score": 9.705606460571289, "multi-label/precision_micro": 8.333333969116211, "multi-label/recall_micro": 28.128368377685547, "multi-label/f1-score_micro": 12.85749626159668, "multi-label/mAP": 9.769932746887207, "data_time": 0.03241360964982406, "time": 0.05364971575529679, "step": 6}
{"base_lr": 9.999383568614031e-05, "lr": 9.999675562428437e-06, "data_time": 0.03393497467041016, "grad_norm": 5.789504528045654, "loss": 2.7019514083862304, "time": 0.09409167766571044, "epoch": 7, "iter": 630, "memory": 5186, "step": 630}
{"multi-label/precision": 11.829236030578613, "multi-label/recall": 28.823192596435547, "multi-label/f1-score": 11.547404289245605, "multi-label/precision_micro": 10.934807777404785, "multi-label/recall_micro": 28.882768630981445, "multi-label/f1-score_micro": 15.863723754882812, "multi-label/mAP": 12.346900939941406, "data_time": 0.029300459053205406, "time": 0.051079104775967804, "step": 7}
{"base_lr": 9.997534434450922e-05, "lr": 9.998702333921538e-06, "data_time": 0.021212434768676756, "grad_norm": 6.355869579315185, "loss": 3.36109881401062, "time": 0.08148636817932128, "epoch": 8, "iter": 720, "memory": 5186, "step": 720}
{"multi-label/precision": 17.17042350769043, "multi-label/recall": 26.280933380126953, "multi-label/f1-score": 12.968137741088867, "multi-label/precision_micro": 14.244911193847656, "multi-label/recall_micro": 28.06849479675293, "multi-label/f1-score_micro": 18.898653030395508, "multi-label/mAP": 15.714326858520508, "data_time": 0.03017445232557214, "time": 0.05206312563108361, "step": 8}
{"base_lr": 9.994453077453552e-05, "lr": 9.997080567080818e-06, "data_time": 0.05385088920593262, "grad_norm": 6.138679122924804, "loss": 2.528640925884247, "time": 0.11214978694915771, "epoch": 9, "iter": 810, "memory": 5186, "step": 810}
{"multi-label/precision": 25.802303314208984, "multi-label/recall": 25.6539249420166, "multi-label/f1-score": 15.585794448852539, "multi-label/precision_micro": 19.378746032714844, "multi-label/recall_micro": 29.43360137939453, "multi-label/f1-score_micro": 23.370574951171875, "multi-label/mAP": 20.52912712097168, "data_time": 0.03245983953061311, "time": 0.05475230320640232, "step": 9}
{"base_lr": 9.990140297388307e-05, "lr": 9.994810682835951e-06, "data_time": 0.025441455841064452, "grad_norm": 6.194976711273194, "loss": 2.6768208622932432, "time": 0.08589239120483398, "epoch": 10, "iter": 900, "memory": 5186, "step": 900}
{"multi-label/precision": 33.20449447631836, "multi-label/recall": 23.421630859375, "multi-label/f1-score": 17.463829040527344, "multi-label/precision_micro": 27.12915802001953, "multi-label/recall_micro": 28.798946380615234, "multi-label/f1-score_micro": 27.939125061035156, "multi-label/mAP": 25.39171600341797, "data_time": 0.0293243786563044, "time": 0.05124931231788967, "step": 10}
{"base_lr": 9.984597213637498e-05, "lr": 9.991893270335526e-06, "data_time": 0.03668797016143799, "grad_norm": 6.090711688995361, "loss": 2.0240803480148317, "time": 0.09646890163421631, "epoch": 11, "iter": 990, "memory": 5186, "step": 990}
{"multi-label/precision": 36.109561920166016, "multi-label/recall": 22.461050033569336, "multi-label/f1-score": 19.216718673706055, "multi-label/precision_micro": 35.70481491088867, "multi-label/recall_micro": 29.026464462280273, "multi-label/f1-score_micro": 32.02113723754883, "multi-label/mAP": 30.881309509277344, "data_time": 0.027706322462662407, "time": 0.05051244082658187, "step": 11}
{"base_lr": 9.977825264908832e-05, "lr": 9.988329086794123e-06, "data_time": 0.017625188827514647, "grad_norm": 6.351517200469971, "loss": 2.2206904530525207, "time": 0.08447351455688476, "epoch": 12, "iter": 1080, "memory": 5186, "step": 1080}
{"multi-label/precision": 48.52646255493164, "multi-label/recall": 21.442373275756836, "multi-label/f1-score": 21.319517135620117, "multi-label/precision_micro": 48.85451126098633, "multi-label/recall_micro": 29.87666130065918, "multi-label/f1-score_micro": 37.07831954956055, "multi-label/mAP": 37.023704528808594, "data_time": 0.0375915325206259, "time": 0.059022786824599556, "step": 12}
{"base_lr": 9.969826208861988e-05, "lr": 9.984119057295784e-06, "data_time": 0.03240203857421875, "grad_norm": 6.192269945144654, "loss": 2.4382473111152647, "time": 0.09637951850891113, "epoch": 13, "iter": 1170, "memory": 5186, "step": 1170}
{"multi-label/precision": 44.972312927246094, "multi-label/recall": 19.269561767578125, "multi-label/f1-score": 20.941112518310547, "multi-label/precision_micro": 59.73959732055664, "multi-label/recall_micro": 28.02059555053711,