{"base_lr": 1.0800889877641816e-05, "lr": 1.080088987764183e-06, "data_time": 0.0546149730682373, "grad_norm": 20.707169914245604, "loss": 12.47445125579834, "time": 0.07431192398071289, "epoch": 1, "iter": 90, "memory": 699, "step": 90}
