{"lr": 1.6666666666666667e-05, "data_time": 0.00016918182373046876, "grad_norm": 18.58727855682373, "loss": 6.330949974060059, "time": 0.0418858528137207, "epoch": 1, "iter": 90, "memory": 4866, "step": 90}
{"multi-label/precision": 28.819522857666016, "multi-label/recall": 3.9130852222442627, "multi-label/f1-score": 5.259802341461182, "multi-label/precision_micro": 96.26038360595703, "multi-label/recall_micro": 16.644712448120117, "multi-label/f1-score_micro": 28.381826400756836, "multi-label/mAP": 36.986724853515625, "data_time": 0.00276418570633773, "time": 0.021358649809281906, "step": 1}
{"lr": 2.5e-05, "data_time": 0.00018274784088134766, "grad_norm": 5.875561285018921, "loss": 3.614290142059326, "time": 0.03852391242980957, "epoch": 2, "iter": 180, "memory": 4866, "step": 180}
{"multi-label/precision": 52.27075958251953, "multi-label/recall": 14.926411628723145, "multi-label/f1-score": 20.12285614013672, "multi-label/precision_micro": 93.6066665649414, "multi-label/recall_micro": 32.25960922241211, "multi-label/f1-score_micro": 47.98290252685547, "multi-label/mAP": 61.801273345947266, "data_time": 0.0022781024808469024, "time": 0.020744258942811386, "step": 2}
{"lr": 3.333333333333334e-05, "data_time": 0.00019516944885253907, "grad_norm": 5.485502910614014, "loss": 2.9098089694976808, "time": 0.03861796855926514, "epoch": 3, "iter": 270, "memory": 4866, "step": 270}
{"multi-label/precision": 74.36565399169922, "multi-label/recall": 35.988128662109375, "multi-label/f1-score": 45.042388916015625, "multi-label/precision_micro": 92.82672119140625, "multi-label/recall_micro": 49.586875915527344, "multi-label/f1-score_micro": 64.64252471923828, "multi-label/mAP": 70.05462646484375, "data_time": 0.0016727525254954462, "time": 0.02027619403341542, "step": 3}
{"lr": 4.166666666666668e-05, "data_time": 0.00019042491912841798, "grad_norm": 5.66086254119873, "loss": 2.780462908744812, "time": 0.03857619762420654, "epoch": 4, "iter": 360, "memory": 4866, "step": 360}
{"multi-label/precision": 91.48257446289062, "multi-label/recall": 45.638343811035156, "multi-label/f1-score": 55.53919219970703, "multi-label/precision_micro": 92.33511352539062, "multi-label/recall_micro": 55.82564926147461, "multi-label/f1-score_micro": 69.58208465576172, "multi-label/mAP": 74.99199676513672, "data_time": 0.001564515673595926, "time": 0.019405261329982593, "step": 4}
{"lr": 5.0000000000000016e-05, "data_time": 0.0001883983612060547, "grad_norm": 5.8406229496002195, "loss": 2.9709668159484863, "time": 0.03872237205505371, "epoch": 5, "iter": 450, "memory": 4866, "step": 450}
{"multi-label/precision": 88.72794342041016, "multi-label/recall": 51.508209228515625, "multi-label/f1-score": 61.998390197753906, "multi-label/precision_micro": 92.04419708251953, "multi-label/recall_micro": 59.84912109375, "multi-label/f1-score_micro": 72.53465270996094, "multi-label/mAP": 78.06307983398438, "data_time": 0.0020647204440572987, "time": 0.02052604633828868, "step": 5}
{"lr": 5.0000000000000016e-05, "data_time": 0.00018706321716308594, "grad_norm": 5.924488496780396, "loss": 2.946543645858765, "time": 0.03883292675018311, "epoch": 6, "iter": 540, "memory": 4866, "step": 540}
{"multi-label/precision": 89.53857421875, "multi-label/recall": 54.92714309692383, "multi-label/f1-score": 65.4100112915039, "multi-label/precision_micro": 92.35326385498047, "multi-label/recall_micro": 61.6093864440918, "multi-label/f1-score_micro": 73.91179656982422, "multi-label/mAP": 79.70479583740234, "data_time": 0.00207156461218129, "time": 0.02191909758940987, "step": 6}
{"lr": 4.998633143352317e-05, "data_time": 0.00018842220306396483, "grad_norm": 6.092091369628906, "loss": 2.7081562161445616, "time": 0.03876345157623291, "epoch": 7, "iter": 630, "memory": 4866, "step": 630}
{"multi-label/precision": 88.86940002441406, "multi-label/recall": 58.06508255004883, "multi-label/f1-score": 68.6145248413086, "multi-label/precision_micro": 91.67525482177734, "multi-label/recall_micro": 63.9564094543457, "multi-label/f1-score_micro": 75.3473892211914, "multi-label/mAP": 80.55057525634766, "data_time": 0.001636095668958581, "time": 0.02230979566988738, "step": 7}
{"lr": 4.994534068046938e-05, "data_time": 0.0001881122589111328, "grad_norm": 6.2891357421875, "loss": 3.1786502599716187, "time": 0.03892083168029785, "epoch": 8, "iter": 720, "memory": 4866, "step": 720}
{"multi-label/precision": 89.66986846923828, "multi-label/recall": 58.42760467529297, "multi-label/f1-score": 69.13050079345703, "multi-label/precision_micro": 92.21588134765625, "multi-label/recall_micro": 63.83666229248047, "multi-label/f1-score_micro": 75.44578552246094, "multi-label/mAP": 81.42926025390625, "data_time": 0.0017111612402874491, "time": 0.022007802258367123, "step": 8}
{"lr": 4.98770725636253e-05, "data_time": 0.0001865386962890625, "grad_norm": 6.24824161529541, "loss": 2.3032331824302674, "time": 0.03884499073028565, "epoch": 9, "iter": 810, "memory": 4866, "step": 810}
{"multi-label/precision": 89.3629150390625, "multi-label/recall": 61.39265060424805, "multi-label/f1-score": 71.45165252685547, "multi-label/precision_micro": 91.50337219238281, "multi-label/recall_micro": 66.54293060302734, "multi-label/f1-score_micro": 77.05213928222656, "multi-label/mAP": 82.19731903076172, "data_time": 0.0016592792842699134, "time": 0.021704437940017036, "step": 9}
{"lr": 4.978160173317439e-05, "data_time": 0.000183868408203125, "grad_norm": 6.913243103027344, "loss": 2.9946994543075562, "time": 0.03889057636260986, "epoch": 10, "iter": 900, "memory": 4866, "step": 900}
{"multi-label/precision": 89.19527435302734, "multi-label/recall": 62.3945426940918, "multi-label/f1-score": 72.37748718261719, "multi-label/precision_micro": 92.0447006225586, "multi-label/recall_micro": 66.08789825439453, "multi-label/f1-score_micro": 76.93595123291016, "multi-label/mAP": 82.39585876464844, "data_time": 0.00174437139345252, "time": 0.020985634430595066, "step": 10}
{"lr": 4.9659032585068074e-05, "data_time": 0.00017895698547363282, "grad_norm": 5.963626670837402, "loss": 2.4538841962814333, "time": 0.03866662979125977, "epoch": 11, "iter": 990, "memory": 4866, "step": 990}
{"multi-label/precision": 88.5917739868164, "multi-label/recall": 63.75712203979492, "multi-label/f1-score": 73.37918853759766, "multi-label/precision_micro": 91.23628234863281, "multi-label/recall_micro": 67.69249725341797, "multi-label/f1-score_micro": 77.72049713134766, "multi-label/mAP": 82.76016235351562, "data_time": 0.0020161478415779447, "time": 0.0221966116324715, "step": 11}
{"lr": 4.950949914687025e-05, "data_time": 0.00017981529235839845, "grad_norm": 6.676653432846069, "loss": 2.4669482588768004, "time": 0.03882076740264893, "epoch": 12, "iter": 1080, "memory": 4866, "step": 1080}
{"multi-label/precision": 88.89668273925781, "multi-label/recall": 64.19670104980469, "multi-label/f1-score": 73.68586730957031, "multi-label/precision_micro": 90.90333557128906, "multi-label/recall_micro": 68.8061294555664, "multi-label/f1-score_micro": 78.32605743408203, "multi-label/mAP": 83.25027465820312, "data_time": 0.0016576207202413807, "time": 0.021496311477992847, "step": 12}
{"lr": 4.9333164931200164e-05, "data_time": 0.00018737316131591796, "grad_norm": 6.295199298858643, "loss": 2.424211299419403, "time": 0.03906517028808594, "epoch": 13, "iter": 1170, "memory": 4866, "step": 1170}
{"multi-label/precision": 88.73331451416016, "multi-label/recall": 64.42431640625, "multi-label/f1-score": 73.84938049316406, "multi-label/precision_micro": 91.35108947753906, "multi-label/recall_micro": 68.17147827148438, "multi-label/f1-score_micro": 78.07720947265625, "multi-label/mAP": 83.36343383789062, "data_time": 0.0016919633616571841, "time": 0.021468711935955544, "step": 13}
{"lr": 4.9130222756933734e-05, "data_time": 0.0001839160919189453, "grad_norm": 6.580785608291626, "loss": 2.940763568878174, "time": 0.03900876045227051, "epoch": 14, "iter": 1260, "memory": 4866,