{"lr": 3.723830734966596e-05, "data_time": 0.00017621517181396485, "grad_norm": 7.129421186447144, "loss": 4.358676195144653, "time": 0.041769909858703616, "epoch": 1, "iter": 90, "memory": 4866, "step": 90}
{"multi-label/precision": 28.11993980407715, "multi-label/recall": 10.281519889831543, "multi-label/f1-score": 13.57146167755127, "multi-label/precision_micro": 95.67848205566406, "multi-label/recall_micro": 26.511795043945312, "multi-label/f1-score_micro": 41.51898956298828, "multi-label/mAP": 52.77513885498047, "data_time": 0.002997180917760828, "time": 0.022638496461805407, "step": 1}
{"lr": 4.792873051224956e-05, "data_time": 0.0001881122589111328, "grad_norm": 5.274637365341187, "loss": 3.4220505952835083, "time": 0.0385739803314209, "epoch": 2, "iter": 180, "memory": 4866, "step": 180}
{"multi-label/precision": 68.54010009765625, "multi-label/recall": 32.3371467590332, "multi-label/f1-score": 41.16190719604492, "multi-label/precision_micro": 92.86572265625, "multi-label/recall_micro": 46.29385757446289, "multi-label/f1-score_micro": 61.78679656982422, "multi-label/mAP": 67.81380462646484, "data_time": 0.0016603625339010487, "time": 0.02059526547141697, "step": 2}
{"lr": 5.861915367483309e-05, "data_time": 0.00022666454315185548, "grad_norm": 6.20119194984436, "loss": 2.941691589355469, "time": 0.03918392658233642, "epoch": 3, "iter": 270, "memory": 4866, "step": 270}
{"multi-label/precision": 85.63707733154297, "multi-label/recall": 44.673973083496094, "multi-label/f1-score": 54.08186721801758, "multi-label/precision_micro": 91.57157135009766, "multi-label/recall_micro": 54.771881103515625, "multi-label/f1-score_micro": 68.54488372802734, "multi-label/mAP": 74.13567352294922, "data_time": 0.002079463523367177, "time": 0.019977152347564697, "step": 3}
{"lr": 6.930957683741666e-05, "data_time": 0.0001939535140991211, "grad_norm": 5.956312942504883, "loss": 2.8527522563934324, "time": 0.038799476623535153, "epoch": 4, "iter": 360, "memory": 4866, "step": 360}
{"multi-label/precision": 87.12594604492188, "multi-label/recall": 52.401695251464844, "multi-label/f1-score": 62.62385177612305, "multi-label/precision_micro": 90.70685577392578, "multi-label/recall_micro": 60.54365158081055, "multi-label/f1-score_micro": 72.61759948730469, "multi-label/mAP": 77.23078918457031, "data_time": 0.002094857070756995, "time": 0.020894110202789307, "step": 4}
{"lr": 8.00000000000002e-05, "data_time": 0.00019042491912841798, "grad_norm": 6.110594606399536, "loss": 2.6971100330352784, "time": 0.03882873058319092, "epoch": 5, "iter": 450, "memory": 4866, "step": 450}
{"multi-label/precision": 88.63013458251953, "multi-label/recall": 57.7701301574707, "multi-label/f1-score": 68.02558898925781, "multi-label/precision_micro": 91.58075714111328, "multi-label/recall_micro": 63.82468795776367, "multi-label/f1-score_micro": 75.22405242919922, "multi-label/mAP": 79.6860122680664, "data_time": 0.0016303943551105, "time": 0.021182899889738663, "step": 5}
{"lr": 7.997888087477617e-05, "data_time": 0.00020992755889892578, "grad_norm": 6.744615888595581, "loss": 2.6603559613227845, "time": 0.0390012264251709, "epoch": 6, "iter": 540, "memory": 4866, "step": 540}
{"multi-label/precision": 87.3076171875, "multi-label/recall": 60.7927131652832, "multi-label/f1-score": 70.66032409667969, "multi-label/precision_micro": 90.22679138183594, "multi-label/recall_micro": 66.21961975097656, "multi-label/f1-score_micro": 76.38121795654297, "multi-label/mAP": 80.63670349121094, "data_time": 0.0018454427304475205, "time": 0.021685740222101627, "step": 6}
{"lr": 7.991459483939586e-05, "data_time": 0.00019443035125732422, "grad_norm": 6.128304576873779, "loss": 2.7203339338302612, "time": 0.03889930248260498, "epoch": 7, "iter": 630, "memory": 4866, "step": 630}
{"multi-label/precision": 88.77853393554688, "multi-label/recall": 60.54845428466797, "multi-label/f1-score": 70.53174591064453, "multi-label/precision_micro": 91.33975982666016, "multi-label/recall_micro": 65.80050659179688, "multi-label/f1-score_micro": 76.4947509765625, "multi-label/mAP": 81.27277374267578, "data_time": 0.0022734118544537087, "time": 0.022718541000200355, "step": 7}
{"lr": 7.980720952323792e-05, "data_time": 0.00019261837005615234, "grad_norm": 6.454928302764893, "loss": 2.492099714279175, "time": 0.03885872364044189, "epoch": 8, "iter": 720, "memory": 4866, "step": 720}
{"multi-label/precision": 87.6346435546875, "multi-label/recall": 63.397705078125, "multi-label/f1-score": 72.83621978759766, "multi-label/precision_micro": 90.596923828125, "multi-label/recall_micro": 67.60867309570312, "multi-label/f1-score_micro": 77.43263244628906, "multi-label/mAP": 82.40585327148438, "data_time": 0.0021112353905387545, "time": 0.02295765669449516, "step": 8}
{"lr": 7.965684235056895e-05, "data_time": 0.0001874208450317383, "grad_norm": 6.524053478240967, "loss": 2.1597379446029663, "time": 0.038930845260620114, "epoch": 9, "iter": 810, "memory": 4866, "step": 810}
{"multi-label/precision": 88.05763244628906, "multi-label/recall": 64.02944946289062, "multi-label/f1-score": 73.32100677490234, "multi-label/precision_micro": 90.1222915649414, "multi-label/recall_micro": 68.830078125, "multi-label/f1-score_micro": 78.05010986328125, "multi-label/mAP": 82.4738998413086, "data_time": 0.00210865943328194, "time": 0.022074033384737762, "step": 9}
{"lr": 7.946365774568456e-05, "data_time": 0.00018570423126220703, "grad_norm": 6.277238655090332, "loss": 2.52353949546814, "time": 0.038645243644714354, "epoch": 10, "iter": 900, "memory": 4866, "step": 900}
{"multi-label/precision": 89.10140228271484, "multi-label/recall": 62.73780059814453, "multi-label/f1-score": 72.93705749511719, "multi-label/precision_micro": 91.7867202758789, "multi-label/recall_micro": 66.37528228759766, "multi-label/f1-score_micro": 77.03961181640625, "multi-label/mAP": 82.65547943115234, "data_time": 0.0021416570829308553, "time": 0.021876910458440365, "step": 10}
{"lr": 7.922786695311403e-05, "data_time": 0.00018672943115234376, "grad_norm": 6.785988616943359, "loss": 2.5535240292549135, "time": 0.03893706798553467, "epoch": 11, "iter": 990, "memory": 4866, "step": 990}
{"multi-label/precision": 88.49267578125, "multi-label/recall": 63.725341796875, "multi-label/f1-score": 73.13337707519531, "multi-label/precision_micro": 91.20437622070312, "multi-label/recall_micro": 67.92001342773438, "multi-label/f1-score_micro": 77.8586196899414, "multi-label/mAP": 82.93933868408203, "data_time": 0.0018260997274647589, "time": 0.021525250828784447, "step": 11}
{"lr": 7.8949727806627e-05, "data_time": 0.000186920166015625, "grad_norm": 6.851977872848511, "loss": 2.1923736929893494, "time": 0.03884632587432861, "epoch": 12, "iter": 1080, "memory": 4866, "step": 1080}
{"multi-label/precision": 89.48567962646484, "multi-label/recall": 63.93560791015625, "multi-label/f1-score": 73.92774963378906, "multi-label/precision_micro": 91.71739959716797, "multi-label/recall_micro": 68.5546646118164, "multi-label/f1-score_micro": 78.4622802734375, "multi-label/mAP": 83.55052947998047, "data_time": 0.0017078337462052054, "time": 0.021815087484276813, "step": 12}
{"lr": 7.862954444729666e-05, "data_time": 0.00020780563354492188, "grad_norm": 7.147687578201294, "loss": 2.928868818283081, "time": 0.039174127578735354, "epoch": 13, "iter": 1170, "memory": 4866, "step": 1170}
{"multi-label/precision": 88.37261962890625, "multi-label/recall": 65.87583923339844, "multi-label/f1-score": 75.05416107177734, "multi-label/precision_micro": 90.40049743652344, "multi-label/recall_micro": 69.46473693847656, "multi-label/f1-score_micro": 78.56175994873047, "multi-label/mAP": 83.54436492919922, "data_time": 0.0016985794772272525, "time": 0.019763394542362377, "step": 13}
{"lr": 7.826766699092549e-05, "data_time": 0.00018877983093261718, "grad_norm": 6.917926692962647, "loss": 2.20292843580246, "time": 0.039027070999145506, "epoch": 14, "iter": 1260, "memory": 4866,